author,hours
a0,0.392
a0,0.538
a0,0.764
a0,0.887
a0,0.969
a0,1.082
a0,1.215
a0,1.303
a0,1.387
a0,1.565
a0,1.756
a0,1.96
a0,2.056
a0,2.514
a0,2.766
a0,3.166
a0,3.287
a0,3.373
a0,3.486
a0,3.613
a0,4.049
a0,4.132
a0,4.221
a0,4.381
a0,4.487
a0,4.627
a0,4.834
a0,4.916
a0,5.247
a0,5.327
a0,5.773
a0,5.941
a0,6.043
a0,6.183
a0,6.41
a0,6.531
a0,6.644
a0,6.834
a0,7.094
a0,7.202
a0,7.31
a0,7.412
a0,7.847
a0,8.08
a0,8.161
a0,8.287
a0,8.373
a0,8.59
a0,8.77
a0,8.92
a0,9.049
a0,9.297
a0,9.401
a0,9.512
a0,10.147
a0,10.369
a0,10.6
a0,10.688
a0,10.843
a0,10.953
a0,11.041
a0,11.305
a0,11.752
a0,11.919
a0,12.49
a0,12.579
a0,12.741
a0,13.199
a0,13.293
a0,14.116
a0,14.247
a0,14.406
a0,14.897
a0,16.018
a0,16.309
a0,16.397
a0,16.698
a0,18.21
a0,18.361
a0,18.525
a0,18.665
a0,18.967
a0,19.304
a0,19.475
a0,19.555
a0,19.727
a0,19.84
a0,20.961
a0,21.099
a0,21.254
a0,21.411
a0,21.736
a0,21.827
a0,21.959
a0,22.045
a0,22.246
a0,23.226
a0,23.324
a0,23.476
a0,23.627
a0,23.724
a0,24.009
a0,24.131
a0,24.313
a0,24.471
a0,24.879
a0,24.961
a0,25.041
a0,25.141
a0,25.256
a0,31.563
a0,31.826
a0,31.986
a0,32.288
a0,32.429
a0,32.746
a0,32.846
a0,33.083
a0,33.186
a0,33.344
a0,33.644
a0,33.847
a0,34.054
a0,34.17
a0,34.25
a0,34.333
a0,34.425
a0,34.557
a0,34.65
a0,34.734
a0,34.88
a0,34.965
a0,35.14
a0,35.245
a0,35.364
a0,35.655
a0,35.806
a0,36.091
a0,36.214
a0,36.328
a0,36.525
a0,36.666
a0,36.955
a0,37.077
a0,37.248
a0,37.407
a0,37.762
a0,37.873
a0,38.012
a0,38.182
a0,38.265
a0,38.346
a0,38.454
a0,38.771
a0,39.148
a0,39.232
a0,39.43
a0,39.664
a0,40.213
a0,40.399
a0,40.648
a0,40.76
a0,40.946
a0,41.216
a0,41.369
a0,41.47
a0,41.798
a0,41.928
a0,42.806
a0,43.185
a0,44.622
a0,44.758
a0,44.981
a0,45.111
a0,45.195
a0,45.277
a0,45.378
a0,45.495
a0,45.583
a0,45.892
a0,45.982
a0,46.066
a0,46.183
a0,46.965
a0,47.098
a0,47.387
a0,47.508
a0,47.672
a0,47.776
a0,48.083
a0,48.177
a0,48.747
a0,48.841
a0,48.961
a0,49.241
a0,49.328
a0,49.554
a0,49.658
a0,49.747
a0,49.827
a0,49.909
a0,50.028
a0,50.183
a0,50.272
a0,50.501
a0,50.639
a0,50.726
a0,51.12
a0,52.116
a0,52.207
a0,52.486
a0,52.751
a0,53.051
a0,53.3
a0,53.388
a0,53.532
a0,53.616
a0,53.755
a0,53.933
a0,54.193
a0,54.365
a0,55.331
a0,55.767
a0,55.962
a0,56.216
a0,56.391
a0,56.656
a0,56.75
a0,56.882
a0,56.985
a0,57.082
a0,57.234
a0,57.463
a0,57.546
a0,57.678
a0,57.826
a0,57.946
a0,58.065
a0,58.552
a0,58.658
a0,58.866
a0,59.03
a0,59.115
a0,59.225
a0,59.467
a0,59.686
a0,59.786
a0,60.147
a0,60.345
a0,60.917
a0,62.197
a0,62.283
a0,62.505
a0,62.624
a0,62.768
a0,63.2
a0,63.347
a0,63.435
a0,63.564
a0,63.731
a0,63.851
a0,63.991
a0,64.18
a0,64.284
a0,64.545
a0,64.629
a0,64.755
a0,65.117
a0,65.237
a0,65.422
a0,66.124
a0,66.331
a0,66.933
a0,67.065
a0,67.202
a0,67.37
a0,67.665
a0,67.846
a0,67.94
a0,68.875
a0,68.981
a0,69.074
a0,69.278
a0,69.389
a0,69.474
a0,69.584
a0,69.743
a0,70.25
a0,70.425
a0,71.363
a0,71.444
a0,71.574
a0,71.669
a0,74.739
a0,74.829
a0,74.948
a0,75.029
a0,75.139
a0,75.241
a0,75.521
a0,75.694
a0,75.99
a0,76.07
a0,76.159
a0,76.245
a0,76.539
a0,76.644
a0,76.725
a0,77.078
a0,77.179
a0,77.401
a0,78.133
a0,78.235
a0,78.768
a0,78.886
a0,79.113
a0,79.281
a0,79.37
a0,79.582
a0,79.833
a0,79.924
a0,80.08
a0,80.175
a0,80.272
a0,80.751
a0,80.866
a0,80.985
a0,81.088
a0,81.171
a0,81.323
a0,81.413
a0,81.605
a0,81.841
a0,81.973
a0,82.079
a0,82.244
a0,82.837
a0,82.927
a0,83.064
a0,83.203
a0,83.294
a0,83.492
a0,83.64
a0,83.795
a0,83.99
a0,84.077
a0,84.259
a0,84.821
a0,84.941
a0,85.119
a0,85.21
a0,85.493
a0,85.642
a0,85.733
a0,85.942
a0,86.068
a0,86.164
a0,86.412
a0,86.583
a0,86.679
a0,86.782
a0,86.872
a0,86.953
a0,87.213
a0,91.851
a0,91.99
a0,92.177
a0,92.327
a0,92.426
a0,93.42
a0,94.419
a0,94.501
a0,94.624
a0,94.781
a0,95.126
a0,95.215
a0,95.307
a0,95.562
a0,95.778
a0,96.141
a0,96.301
a0,96.418
a0,96.518
a0,96.695
a0,96.892
a0,97.076
a0,97.16
a0,97.251
a0,97.404
a0,97.533
a0,97.639
a0,97.757
a0,97.919
a0,98.12
a0,98.202
a0,98.356
a0,98.454
a0,98.814
a0,99.091
a0,99.384
a0,99.489
a0,100.055
a0,100.327
a0,100.459
a0,100.543
a0,100.699
a0,100.786
a0,100.89
a0,101.157
a0,101.258
a0,101.368
a0,102.71
a0,103.021
a0,103.143
a0,103.226
a0,103.307
a0,103.58
a0,103.69
a0,103.856
a0,110.351
a0,110.569
a0,110.65
a0,110.744
a0,110.867
a0,110.982
a0,111.106
a0,111.228
a0,111.331
a0,111.421
a0,111.514
a0,111.686
a0,111.995
a0,112.542
a0,113.965
a0,114.061
a0,114.191
a0,114.317
a0,114.401
a0,114.588
a0,114.779
a0,115.092
a0,115.224
a0,115.316
a0,115.477
a0,115.557
a0,115.664
a0,115.81
a0,115.946
a0,116.356
a0,116.481
a0,116.563
a0,116.722
a0,117.089
a0,117.182
a0,117.286
a0,117.514
a0,117.596
a0,117.678
a0,117.783
a0,117.875
a0,118.682
a0,118.791
a0,118.922
a0,119.569
a0,119.661
a0,120.019
a0,120.124
a0,120.209
a0,120.466
a0,120.581
a0,120.713
a0,120.829
a0,120.962
a0,121.057
a0,121.285
a0,121.39
a0,121.483
a0,121.652
a0,121.734
a0,121.881
a0,122.018
a0,122.394
a0,122.521
a0,124.795
a0,125.187
a0,125.347
a0,125.446
a0,125.54
a0,125.702
a0,125.947
a0,126.038
a0,126.361
a0,126.511
a0,126.674
a0,126.802
a0,127.13
a0,127.257
a0,128.537
a0,128.619
a0,129.057
a1,0.083
a1,0.189
a1,0.392
a1,0.502
a1,0.602
a1,0.754
a1,0.893
a1,1.014
a1,1.107
a1,1.251
a1,1.352
a1,1.613
a1,2.121
a1,2.325
a1,2.51
a1,2.59
a1,2.733
a1,2.837
a1,2.94
a1,3.02
a1,3.103
a1,3.334
a1,3.429
a1,3.534
a1,3.628
a1,3.725
a1,3.982
a1,4.09
a1,4.199
a1,4.279
a1,4.435
a1,4.985
a1,5.084
a1,5.167
a1,5.884
a1,6.422
a1,6.506
a1,6.666
a1,6.799
a1,7.147
a1,7.228
a1,7.352
a1,7.475
a1,7.557
a1,7.668
a1,7.959
a1,8.048
a1,8.163
a1,8.302
a1,8.472
a1,8.687
a1,8.772
a1,8.899
a1,9.062
a1,9.149
a1,9.231
a1,9.579
a1,9.702
a1,9.809
a1,9.945
a1,10.03
a1,10.117
a1,10.198
a1,10.335
a1,10.964
a1,11.054
a1,11.903
a1,12.036
a1,14.476
a1,14.688
a1,14.788
a1,14.919
a1,15.032
a1,15.165
a1,15.273
a1,15.381
a1,15.469
a1,15.852
a1,15.955
a1,16.085
a1,16.213
a1,16.295
a1,16.423
a1,16.903
a1,16.984
a1,17.076
a1,17.655
a1,17.78
a1,17.875
a1,18.043
a1,18.134
a1,18.217
a1,18.314
a1,18.411
a1,18.61
a1,19.022
a1,19.149
a1,19.944
a1,20.24
a1,20.482
a1,20.72
a1,20.863
a1,21.614
a1,22.169
a1,22.268
a1,22.837
a1,22.937
a1,23.074
a1,23.17
a1,23.724
a1,23.807
a1,23.935
a1,24.084
a1,24.266
a1,24.351
a1,24.45
a1,24.631
a1,24.756
a1,24.946
a1,25.189
a1,25.58
a1,25.697
a1,25.785
a1,25.885
a1,25.974
a1,26.079
a1,26.241
a1,26.454
a1,26.545
a1,26.653
a1,26.851
a1,27.0
a1,27.084
a1,29.664
a1,29.787
a1,29.891
a1,30.051
a1,30.173
a1,30.284
a1,30.469
a1,30.561
a1,30.704
a1,30.799
a1,30.896
a1,30.977
a1,31.064
a1,31.158
a1,31.681
a1,31.834
a1,32.007
a1,32.208
a1,32.297
a1,32.73
a1,32.876
a1,33.154
a1,33.255
a1,33.35
a1,33.433
a1,33.515
a1,33.851
a1,34.182
a1,34.277
a1,34.405
a1,34.49
a1,34.601
a1,35.186
a1,35.285
a1,35.376
a1,35.468
a1,35.6
a1,35.711
a1,35.796
a1,36.11
a1,36.259
a1,36.358
a1,36.513
a1,36.635
a1,36.734
a1,36.899
a1,37.088
a1,37.26
a1,37.432
a1,37.54
a1,37.633
a1,38.036
a1,38.117
a1,38.2
a1,38.349
a1,38.673
a1,39.128
a1,39.289
a1,39.443
a1,40.531
a1,40.616
a1,40.734
a1,41.148
a1,41.232
a1,41.328
a1,41.409
a1,41.556
a1,41.685
a1,41.804
a1,42.088
a1,42.206
a1,42.459
a1,42.591
a1,42.68
a1,42.889
a1,42.972
a1,43.256
a1,43.449
a1,43.566
a1,43.736
a1,43.862
a1,44.19
a1,44.278
a1,44.531
a1,44.651
a1,44.839
a1,44.936
a1,45.016
a1,45.113
a1,45.196
a1,45.357
a1,45.608
a1,45.732
a1,45.838
a1,46.068
a1,46.586
a1,46.667
a1,47.217
a1,47.32
a1,47.402
a1,47.541
a1,47.673
a1,47.769
a1,47.979
a1,48.128
a1,48.29
a1,48.492
a1,48.612
a1,48.695
a1,49.001
a1,49.089
a1,50.195
a1,50.277
a1,50.518
a1,50.693
a1,50.927
a1,51.01
a1,51.115
a1,51.207
a1,51.653
a1,52.341
a1,52.421
a1,52.65
a1,52.758
a1,52.88
a1,53.112
a1,53.217
a1,53.31
a1,53.432
a1,53.574
a1,53.842
a1,53.971
a1,54.206
a1,54.294
a1,54.401
a1,54.516
a1,54.893
a1,55.076
a1,55.42
a1,55.519
a1,55.767
a1,56.026
a1,56.191
a1,56.279
a1,56.65
a1,56.731
a1,57.155
a1,57.792
a1,57.964
a1,58.127
a1,58.251
a1,58.372
a1,58.864
a1,58.96
a1,59.087
a1,59.179
a1,59.632
a1,59.73
a1,59.839
a1,60.289
a1,60.377
a1,60.522
a1,60.627
a1,60.712
a1,60.915
a1,60.996
a1,61.08
a1,61.248
a1,61.352
a1,61.44
a1,61.535
a1,61.702
a1,61.847
a1,61.944
a1,62.225
a1,62.48
a1,66.511
a1,66.595
a1,66.684
a1,66.824
a1,66.958
a1,67.04
a1,67.203
a1,67.297
a1,67.4
a1,67.634
a1,67.818
a1,67.91
a1,68.102
a1,68.221
a1,68.589
a1,68.912
a1,69.181
a1,69.264
a1,69.404
a1,69.506
a1,69.969
a1,70.057
a1,70.165
a1,70.281
a1,70.462
a1,70.56
a1,71.296
a1,71.383
a1,71.473
a1,71.59
a1,72.009
a1,72.093
a1,72.218
a1,72.359
a1,72.443
a1,72.923
a1,73.16
a1,73.97
a1,75.119
a1,75.751
a1,75.878
a1,76.04
a1,76.258
a1,76.389
a1,76.474
a1,76.865
a1,76.945
a1,77.028
a1,77.126
a1,77.229
a1,77.525
a1,77.657
a1,77.779
a1,77.887
a1,78.01
a1,78.124
a1,78.453
a1,78.681
a1,79.257
a1,79.439
a1,80.267
a1,80.371
a1,80.888
a1,81.358
a1,81.468
a1,81.554
a1,84.924
a1,85.091
a1,85.193
a1,85.586
a1,85.757
a1,85.896
a1,86.012
a1,98.553
a1,98.936
a1,99.072
a1,99.173
a1,99.273
a1,99.599
a1,99.71
a1,99.839
a1,99.971
a1,100.132
a1,101.306
a1,101.433
a1,101.632
a1,101.726
a1,101.842
a1,101.97
a1,102.096
a1,102.185
a1,102.295
a1,102.759
a1,103.197
a1,104.004
a1,104.096
a1,104.29
a1,104.447
a1,104.545
a1,104.636
a1,104.717
a1,104.928
a1,105.098
a1,105.476
a1,105.579
a1,105.676
a1,105.799
a1,105.901
a1,106.009
a1,106.144
a1,106.237
a1,106.397
a1,107.109
a1,107.398
a1,107.479
a1,107.569
a1,107.75
a1,107.965
a1,108.095
a1,108.177
a1,108.279
a1,108.432
a1,108.517
a1,108.673
a1,108.973
a1,109.273
a1,109.355
a1,109.462
a1,109.569
a1,109.718
a1,109.864
a1,110.009
a1,110.138
a1,110.304
a1,110.398
a1,110.513
a1,110.93
a1,111.037
a1,111.12
a1,111.349
a1,111.463
a1,111.705
a1,112.068
a1,112.163
a1,112.281
a1,112.501
a1,112.626
a1,113.075
a1,113.234
a1,113.814
a1,113.899
a1,113.98
a1,114.162
a1,114.284
a1,121.196
a1,121.288
a1,121.588
a1,121.668
a1,121.777
a1,121.868
a1,121.96
a1,122.058
a1,122.143
a1,122.325
a1,122.433
a1,122.794
a1,123.172
a1,123.255
a1,123.348
a1,123.478
a1,123.937
a1,124.062
a1,124.219
a1,124.348
a1,124.456
a1,124.579
a1,125.649
a1,125.757
a1,126.616
a1,126.806
a1,127.082
a1,127.216
a1,127.416
a1,127.502
a1,127.605
a1,127.703
a1,127.831
a1,127.942
a1,128.174
a1,128.512
a1,128.65
a2,0.169
a2,0.334
a2,0.458
a2,0.835
a2,1.021
a2,2.028
a2,2.132
a2,2.246
a2,2.333
a2,2.484
a2,2.774
a2,2.884
a2,3.072
a2,3.178
a2,3.268
a2,3.362
a2,3.634
a2,3.719
a2,3.98
a2,4.128
a2,4.363
a2,4.534
a2,4.621
a2,4.731
a2,4.822
a2,4.912
a2,5.0
a2,5.082
a2,5.375
a2,6.383
a2,6.48
a2,6.616
a2,6.758
a2,6.84
a2,6.929
a2,7.021
a2,7.103
a2,7.201
a2,7.281
a2,7.37
a2,7.467
a2,7.609
a2,9.428
a2,9.599
a2,9.74
a2,9.832
a2,10.023
a2,10.11
a2,10.192
a2,10.299
a2,10.385
a2,10.731
a2,10.833
a2,11.34
a2,11.511
a2,11.602
a2,11.804
a2,12.06
a2,12.148
a2,12.392
a2,13.128
a2,13.913
a2,14.017
a2,14.124
a2,14.274
a2,14.398
a2,14.638
a2,14.757
a2,14.878
a2,15.055
a2,15.203
a2,15.312
a2,15.394
a2,15.475
a2,16.086
a2,16.234
a2,16.464
a2,16.55
a2,16.655
a2,16.784
a2,16.894
a2,16.978
a2,17.817
a2,18.03
a2,18.227
a2,18.344
a2,18.483
a2,18.637
a2,18.735
a2,18.862
a2,18.969
a2,19.386
a2,19.475
a2,19.63
a2,19.793
a2,19.918
a2,20.278
a2,20.371
a2,20.6
a2,20.704
a2,20.842
a2,20.984
a2,21.236
a2,21.372
a2,21.749
a2,21.88
a2,21.964
a2,22.232
a2,22.337
a2,22.457
a2,22.647
a2,22.75
a2,22.858
a2,23.038
a2,23.129
a2,23.294
a2,23.483
a2,23.8
a2,23.952
a2,24.035
a2,24.121
a2,24.233
a2,24.319
a2,24.403
a2,24.485
a2,25.045
a2,25.125
a2,25.245
a2,25.863
a2,26.306
a2,26.394
a2,26.508
a2,26.679
a2,26.963
a2,27.052
a2,27.149
a2,27.334
a2,27.426
a2,27.543
a2,27.663
a2,27.78
a2,27.989
a2,28.921
a2,29.077
a2,29.274
a2,29.419
a2,29.569
a2,29.649
a2,29.8
a2,29.889
a2,30.006
a2,30.392
a2,30.53
a2,31.23
a2,31.345
a2,31.444
a2,31.555
a2,31.705
a2,32.255
a2,32.34
a2,32.464
a2,32.577
a2,32.683
a2,32.764
a2,32.849
a2,32.957
a2,33.123
a2,33.992
a2,34.169
a2,34.258
a2,34.346
a2,34.451
a2,34.584
a2,34.71
a2,34.796
a2,34.896
a2,35.021
a2,35.103
a2,35.213
a2,35.314
a2,35.399
a2,35.502
a2,35.707
a2,35.813
a2,35.986
a2,37.619
a2,37.717
a2,38.251
a2,38.368
a2,38.475
a2,38.581
a2,38.67
a2,38.979
a2,39.094
a2,39.176
a2,39.385
a2,39.554
a2,39.702
a2,39.808
a2,39.908
a2,40.18
a2,40.765
a2,40.873
a2,40.959
a2,41.183
a2,41.271
a2,41.419
a2,41.55
a2,41.766
a2,41.933
a2,42.169
a2,44.399
a2,44.485
a2,44.58
a2,44.669
a2,44.773
a2,45.014
a2,45.125
a2,45.217
a2,45.407
a2,45.757
a2,45.917
a2,46.033
a2,46.213
a2,46.373
a2,46.46
a2,46.571
a2,46.842
a2,46.936
a2,47.034
a2,47.986
a2,48.246
a2,48.404
a2,48.531
a2,48.632
a2,48.719
a2,49.037
a2,49.186
a2,49.337
a2,49.432
a2,49.529
a2,49.702
a2,50.163
a2,51.345
a2,51.917
a2,52.134
a2,52.296
a2,52.778
a2,52.866
a2,52.964
a2,53.055
a2,53.959
a2,54.042
a2,54.187
a2,54.369
a2,55.165
a2,55.588
a2,55.872
a2,56.026
a2,56.262
a2,56.368
a2,56.508
a2,56.605
a2,56.752
a2,56.97
a2,57.118
a2,57.309
a2,57.836
a2,58.045
a2,58.206
a2,58.304
a2,58.52
a2,58.645
a2,58.743
a2,58.841
a2,59.511
a2,59.639
a2,59.738
a2,59.883
a2,60.064
a2,60.3
a2,60.896
a2,60.996
a2,61.152
a2,61.232
a2,61.336
a2,61.499
a2,61.596
a2,61.68
a2,61.824
a2,62.048
a2,62.19
a2,62.278
a2,62.374
a2,62.476
a2,62.604
a2,62.917
a2,63.079
a2,63.297
a2,63.444
a2,63.552
a2,63.664
a2,63.756
a2,63.853
a2,64.041
a2,64.132
a2,64.258
a2,64.354
a2,64.451
a2,64.537
a2,66.403
a2,66.987
a2,67.175
a2,67.649
a2,67.775
a2,67.891
a2,67.998
a2,68.295
a2,68.787
a2,68.926
a2,69.49
a2,69.59
a2,69.866
a2,69.947
a2,70.074
a2,70.157
a2,70.311
a2,70.795
a2,70.885
a2,70.998
a2,71.082
a2,71.269
a2,71.392
a2,71.486
a2,71.634
a2,71.731
a2,71.814
a2,71.904
a2,72.023
a2,72.197
a2,72.323
a2,72.449
a2,72.551
a2,74.612
a2,74.694
a2,74.88
a2,75.387
a2,75.612
a2,75.731
a2,75.835
a2,75.928
a2,76.059
a2,76.292
a2,76.678
a2,76.782
a2,77.159
a2,77.464
a2,81.006
a2,81.109
a2,81.272
a2,81.362
a2,81.544
a2,81.628
a2,81.868
a2,82.001
a2,82.175
a2,82.328
a2,82.564
a2,82.667
a2,82.778
a2,82.879
a2,82.98
a2,83.459
a2,83.692
a2,84.518
a2,84.64
a2,84.802
a2,85.09
a2,85.175
a2,85.28
a2,85.384
a2,85.63
a2,86.197
a2,86.281
a2,86.864
a2,88.598
a2,88.828
a2,88.931
a2,89.109
a2,89.197
a2,89.318
a2,89.587
a2,89.733
a2,90.171
a2,90.49
a2,90.58
a2,93.161
a2,93.31
a2,93.869
a2,94.109
a2,94.278
a2,94.365
a2,94.467
a2,94.558
a2,94.683
a2,95.11
a2,95.258
a2,95.788
a2,96.007
a2,96.445
a2,96.61
a2,96.901
a2,97.012
a2,97.103
a2,97.236
a2,97.763
a2,97.845
a2,97.936
a2,98.028
a2,98.146
a2,98.282
a2,98.38
a2,98.59
a2,98.689
a2,98.826
a2,99.109
a2,99.473
a2,99.607
a2,99.805
a2,99.978
a2,100.121
a2,100.407
a2,100.524
a2,100.605
a2,100.772
a2,100.864
a2,100.967
a2,101.053
a2,101.185
a2,101.987
a2,102.084
a2,102.38
a2,102.504
a2,102.968
a2,104.455
a2,104.999
a2,105.138
a2,106.016
a2,106.198
a2,106.328
a2,106.496
a2,107.293
a2,107.796
a2,107.991
a2,108.263
a2,108.463
a2,108.714
a2,108.834
a2,108.952
a2,109.037
a2,109.163
a2,109.256
a2,109.869
a2,110.39
a2,110.492
a2,110.587
a2,110.672
a2,110.932
a2,111.237
a2,111.342
a2,111.438
a2,111.532
a2,111.662
a2,111.75
a2,111.831
a2,111.945
a2,112.07
a2,112.812
a2,115.377
a2,115.579
a2,115.703
a2,115.796
a2,116.006
a2,116.117
a2,116.348
a2,116.582
a2,116.664
a2,117.018
a2,117.174
a2,117.283
a2,117.422
a2,117.514
a2,117.616
a2,117.751
a2,117.87
a2,117.952
a2,118.073
a2,118.202
a2,118.338
a2,118.484
a3,0.088
a3,0.173
a3,0.927
a3,1.007
a3,1.104
a3,1.277
a3,1.367
a3,1.483
a3,1.668
a3,1.756
a3,1.882
a3,2.012
a3,2.364
a3,2.45
a3,2.541
a3,2.63
a3,2.72
a3,2.813
a3,2.904
a3,3.3
a3,3.533
a3,3.719
a3,3.914
a3,4.307
a3,4.647
a3,6.382
a3,6.502
a3,6.603
a3,6.739
a3,6.843
a3,6.963
a3,7.239
a3,7.435
a3,7.566
a3,7.688
a3,7.776
a3,7.881
a3,8.036
a3,8.873
a3,9.103
a3,9.204
a3,9.296
a3,9.445
a3,9.562
a3,9.941
a3,10.037
a3,10.22
a3,10.327
a3,10.455
a3,10.55
a3,10.646
a3,17.193
a3,17.361
a3,17.468
a3,17.704
a3,17.793
a3,17.882
a3,18.173
a3,18.277
a3,18.39
a3,18.474
a3,21.443
a3,21.677
a3,21.825
a3,22.056
a3,22.164
a3,22.303
a3,22.391
a3,22.52
a3,22.661
a3,22.792
a3,22.904
a3,22.992
a3,23.072
a3,23.55
a3,23.894
a3,23.975
a3,24.145
a3,24.248
a3,24.383
a3,24.471
a3,24.806
a3,24.933
a3,25.133
a3,25.281
a3,25.365
a3,25.451
a3,25.582
a3,25.71
a3,25.79
a3,26.236
a3,26.387
a3,26.472
a3,26.555
a3,26.678
a3,27.573
a3,27.703
a3,27.894
a3,28.043
a3,28.384
a3,28.663
a3,28.822
a3,28.965
a3,29.362
a3,29.517
a3,29.621
a3,29.868
a3,29.976
a3,30.076
a3,30.197
a3,30.307
a3,30.456
a3,30.555
a3,30.691
a3,30.783
a3,30.868
a3,31.143
a3,31.572
a3,31.907
a3,32.012
a3,32.173
a3,32.255
a3,32.338
a3,32.431
a3,32.548
a3,32.637
a3,32.72
a3,32.92
a3,33.0
a3,33.395
a3,33.483
a3,33.609
a3,33.894
a3,34.015
a3,34.203
a3,34.318
a3,34.427
a3,34.517
a3,34.613
a3,34.738
a3,34.856
a3,34.946
a3,35.028
a3,35.115
a3,35.203
a3,35.372
a3,35.47
a3,35.638
a3,35.726
a3,35.862
a3,35.999
a3,36.087
a3,36.181
a3,36.269
a3,36.377
a3,36.853
a3,37.1
a3,37.223
a3,37.319
a3,37.422
a3,37.644
a3,37.738
a3,37.848
a3,37.935
a3,38.414
a3,38.515
a3,38.729
a3,38.812
a3,39.105
a3,39.297
a3,39.384
a3,39.481
a3,39.604
a3,39.95
a3,40.033
a3,40.176
a3,40.274
a3,40.424
a3,40.569
a3,41.124
a3,41.254
a3,41.354
a3,41.443
a3,41.608
a3,41.757
a3,41.925
a3,42.045
a3,42.125
a3,42.604
a3,42.687
a3,42.914
a3,43.032
a3,43.125
a3,43.213
a3,43.316
a3,43.484
a3,43.594
a3,43.686
a3,43.885
a3,44.244
a3,44.356
a3,44.437
a3,44.888
a3,44.997
a3,45.08
a3,45.21
a3,45.317
a3,45.405
a3,45.502
a3,45.612
a3,45.703
a3,45.794
a3,45.978
a3,46.08
a3,46.168
a3,46.318
a3,46.401
a3,46.848
a3,46.952
a3,47.709
a3,47.797
a3,47.927
a3,48.045
a3,48.149
a3,48.246
a3,48.327
a3,48.437
a3,48.561
a3,48.674
a3,48.755
a3,48.837
a3,49.524
a3,49.903
a3,50.002
a3,50.088
a3,50.181
a3,50.299
a3,50.379
a3,50.569
a3,50.894
a3,50.978
a3,51.222
a3,51.738
a3,51.823
a3,52.237
a3,52.49
a3,52.608
a3,52.689
a3,52.779
a3,52.883
a3,53.007
a3,53.148
a3,53.6
a3,53.706
a3,53.812
a3,54.035
a3,54.163
a3,54.282
a3,54.37
a3,54.554
a3,54.663
a3,54.766
a3,54.917
a3,55.004
a3,55.085
a3,55.178
a3,55.259
a3,55.37
a3,55.463
a3,55.594
a3,55.725
a3,55.926
a3,56.013
a3,56.177
a3,56.367
a3,56.618
a3,57.194
a3,58.936
a3,59.059
a3,59.155
a3,59.304
a3,59.529
a3,59.615
a3,59.773
a3,63.296
a3,63.391
a3,63.475
a3,63.628
a3,63.71
a3,63.932
a3,64.151
a3,64.293
a3,64.373
a3,64.495
a3,64.656
a3,64.797
a3,64.895
a3,64.995
a3,65.125
a3,65.331
a3,65.586
a3,65.822
a3,65.978
a3,66.087
a3,66.183
a3,66.511
a3,66.704
a3,66.827
a3,66.918
a3,67.004
a3,67.093
a3,67.214
a3,67.516
a3,67.685
a3,68.291
a3,68.653
a3,68.735
a3,68.817
a3,68.897
a3,68.978
a3,69.402
a3,69.489
a3,69.791
a3,69.875
a3,69.965
a3,70.051
a3,70.22
a3,70.356
a3,70.593
a3,70.708
a3,70.788
a3,71.033
a3,71.238
a3,71.476
a3,71.665
a3,71.752
a3,71.94
a3,72.171
a3,72.254
a3,72.53
a3,72.641
a3,72.924
a3,73.16
a3,73.253
a3,73.364
a3,73.596
a3,74.926
a3,75.072
a3,75.161
a3,75.268
a3,75.368
a3,75.666
a3,76.051
a3,76.214
a3,76.306
a3,76.444
a3,76.564
a3,76.756
a3,76.933
a3,77.176
a3,77.327
a3,77.412
a3,77.627
a3,77.737
a3,77.98
a3,78.074
a3,78.186
a3,78.317
a3,78.439
a3,78.722
a3,78.811
a3,78.949
a3,79.07
a3,79.181
a3,79.272
a3,79.374
a3,79.492
a3,79.679
a3,79.765
a3,79.852
a3,80.056
a3,80.138
a3,80.249
a3,80.33
a3,80.418
a3,80.512
a3,80.603
a3,80.694
a3,80.861
a3,81.059
a3,81.2
a3,81.707
a3,81.841
a3,82.288
a3,82.368
a3,82.492
a3,82.773
a3,82.857
a3,83.028
a3,83.116
a3,83.263
a3,83.639
a3,83.737
a3,83.822
a3,83.996
a3,84.479
a3,84.64
a3,84.729
a3,84.871
a3,84.952
a3,85.052
a3,85.159
a3,85.363
a3,85.45
a3,85.544
a3,85.624
a3,85.789
a3,85.922
a3,86.003
a3,86.129
a3,86.217
a3,86.369
a3,86.499
a3,86.588
a3,86.84
a3,86.947
a3,87.06
a3,87.203
a3,87.289
a3,87.39
a3,87.481
a3,87.562
a3,87.656
a3,87.78
a3,87.864
a3,88.099
a3,88.258
a3,88.429
a3,88.546
a3,88.658
a3,88.826
a3,88.934
a3,89.025
a3,89.17
a3,89.26
a3,89.347
a3,89.428
a3,96.115
a3,96.221
a3,96.333
a3,96.423
a3,96.513
a3,96.605
a3,96.739
a3,96.906
a3,97.117
a3,97.437
a3,97.565
a3,97.666
a3,97.844
a3,97.947
a3,98.13
a3,98.216
a3,98.331
a3,99.25
a3,99.338
a3,99.543
a3,99.639
a3,99.732
a3,99.877
a3,100.057
a3,100.153
a3,100.714
a3,101.045
a3,101.243
a3,101.427
a3,101.53
a3,101.628
a3,101.709
a3,101.859
a3,102.232
a3,102.665
a3,102.747
a3,102.941
a3,103.038
a3,103.127
a3,103.465
a3,103.616
a3,103.765
a3,103.886
a3,103.983
a3,104.101
a3,104.208
a3,104.298
a3,104.393
a3,104.492
a3,104.574
a3,104.657
a3,104.749
a3,104.847
a4,0.536
a4,0.775
a4,1.028
a4,1.158
a4,1.317
a4,1.462
a4,1.579
a4,2.508
a4,2.648
a4,2.999
a4,3.088
a4,3.281
a4,3.393
a4,4.263
a4,4.383
a4,4.475
a4,5.967
a4,6.314
a4,6.416
a4,6.546
a4,6.641
a4,6.756
a4,7.652
a4,7.739
a4,7.833
a4,7.961
a4,8.344
a4,8.439
a4,8.59
a4,8.821
a4,8.937
a4,9.074
a4,9.156
a4,9.455
a4,9.549
a4,9.681
a4,9.764
a4,9.863
a4,9.952
a4,10.136
a4,10.266
a4,10.577
a4,10.689
a4,10.8
a4,10.919
a4,11.39
a4,11.668
a4,11.768
a4,11.849
a4,12.103
a4,12.222
a4,12.31
a4,12.787
a4,12.872
a4,13.126
a4,13.281
a4,14.493
a4,14.807
a4,14.988
a4,15.072
a4,15.304
a4,16.505
a4,16.613
a4,16.849
a4,17.011
a4,17.097
a4,17.232
a4,17.323
a4,17.414
a4,17.531
a4,17.758
a4,19.239
a4,19.392
a4,19.641
a4,19.768
a4,19.884
a4,19.983
a4,20.093
a4,20.223
a4,20.307
a4,20.398
a4,20.67
a4,20.788
a4,20.887
a4,20.98
a4,21.066
a4,21.163
a4,21.534
a4,21.633
a4,21.979
a4,22.343
a4,22.425
a4,22.524
a4,22.614
a4,22.779
a4,22.942
a4,23.127
a4,23.259
a4,23.37
a4,23.522
a4,23.602
a4,23.739
a4,24.125
a4,24.259
a4,24.374
a4,24.458
a4,24.644
a4,24.788
a4,24.889
a4,25.001
a4,25.487
a4,25.613
a4,25.802
a4,25.892
a4,25.977
a4,26.068
a4,26.196
a4,26.278
a4,27.174
a4,27.27
a4,27.389
a4,27.516
a4,27.608
a4,27.7
a4,27.791
a4,27.882
a4,27.996
a4,28.116
a4,28.278
a4,28.367
a4,28.48
a4,28.578
a4,28.675
a4,28.803
a4,28.981
a4,29.063
a4,29.185
a4,29.512
a4,29.643
a4,29.728
a4,29.849
a4,30.018
a4,30.144
a4,30.228
a4,30.353
a4,30.448
a4,30.555
a4,30.652
a4,30.772
a4,30.974
a4,31.106
a4,31.201
a4,32.045
a4,32.162
a4,32.248
a4,32.336
a4,32.533
a4,32.647
a4,32.742
a4,32.882
a4,32.965
a4,33.059
a4,33.212
a4,33.355
a4,33.593
a4,33.701
a4,33.839
a4,33.927
a4,34.018
a4,34.206
a4,34.3
a4,35.174
a4,35.279
a4,35.509
a4,35.624
a4,35.761
a4,35.903
a4,36.018
a4,37.261
a4,37.399
a4,37.573
a4,37.662
a4,37.754
a4,37.881
a4,38.02
a4,38.11
a4,38.194
a4,38.344
a4,38.459
a4,38.586
a4,38.724
a4,38.816
a4,39.061
a4,39.341
a4,39.432
a4,39.538
a4,39.763
a4,40.252
a4,40.347
a4,40.478
a4,40.56
a4,40.663
a4,40.806
a4,40.913
a4,41.217
a4,41.478
a4,41.624
a4,41.774
a4,41.895
a4,41.995
a4,42.083
a4,42.202
a4,42.373
a4,42.471
a4,42.554
a4,42.636
a4,42.722
a4,42.842
a4,43.057
a4,43.14
a4,43.307
a4,43.785
a4,43.963
a4,44.899
a4,45.345
a4,45.466
a4,45.556
a4,45.669
a4,46.533
a4,46.83
a4,46.955
a4,47.099
a4,47.253
a4,47.553
a4,47.635
a4,47.897
a4,47.981
a4,48.144
a4,48.25
a4,48.353
a4,48.437
a4,48.565
a4,48.68
a4,48.807
a4,48.964
a4,49.06
a4,49.176
a4,49.274
a4,49.355
a4,49.469
a4,49.717
a4,49.85
a4,49.954
a4,50.12
a4,50.218
a4,50.312
a4,50.46
a4,50.568
a4,50.655
a4,50.784
a4,50.966
a4,51.073
a4,51.271
a4,51.512
a4,51.79
a4,51.89
a4,51.983
a4,52.087
a4,52.344
a4,52.688
a4,52.822
a4,53.252
a4,53.335
a4,53.416
a4,53.656
a4,53.744
a4,53.97
a4,54.05
a4,54.131
a4,54.253
a4,54.351
a4,54.469
a4,54.585
a4,63.964
a4,64.064
a4,64.245
a4,65.759
a4,65.942
a4,66.137
a4,66.701
a4,66.93
a4,67.034
a4,67.135
a4,67.35
a4,67.457
a4,67.574
a4,67.773
a4,67.968
a4,68.106
a4,68.278
a4,68.578
a4,68.664
a4,68.747
a4,68.905
a4,68.993
a4,69.11
a4,69.325
a4,69.448
a4,69.533
a4,69.688
a4,70.837
a4,71.003
a4,71.165
a4,71.259
a4,71.345
a4,71.489
a4,71.615
a4,71.734
a4,71.822
a4,71.958
a4,72.222
a4,72.313
a4,72.394
a4,72.48
a4,72.648
a4,72.807
a4,72.904
a4,73.149
a4,73.39
a4,73.493
a4,73.639
a4,73.721
a4,73.922
a4,74.058
a4,74.143
a4,74.345
a4,74.476
a4,74.559
a4,74.69
a4,74.811
a4,74.965
a4,75.05
a4,75.187
a4,75.287
a4,75.378
a4,75.479
a4,75.675
a4,75.783
a4,75.9
a4,76.071
a4,76.153
a4,76.275
a4,76.421
a4,76.513
a4,76.602
a4,76.709
a4,76.821
a4,76.941
a4,77.047
a4,77.185
a4,77.349
a4,77.459
a4,77.915
a4,78.032
a4,78.445
a4,78.53
a4,78.631
a4,78.76
a4,78.86
a4,79.061
a4,79.379
a4,79.464
a4,79.658
a4,79.739
a4,79.849
a4,79.946
a4,80.034
a4,80.135
a4,80.381
a4,80.467
a4,80.99
a4,81.118
a4,81.224
a4,81.308
a4,81.63
a4,81.711
a4,81.842
a4,81.936
a4,82.057
a4,82.181
a4,82.297
a4,82.397
a4,82.496
a4,82.608
a4,82.691
a4,82.787
a4,82.869
a4,83.063
a4,83.149
a4,83.452
a4,83.558
a4,83.759
a4,83.907
a4,83.992
a4,84.092
a4,84.208
a4,84.288
a4,84.371
a4,84.599
a4,86.463
a4,86.557
a4,86.679
a4,86.842
a4,86.979
a4,87.081
a4,87.222
a4,87.307
a4,87.482
a4,87.565
a4,87.948
a4,88.06
a4,88.764
a4,89.088
a4,89.304
a4,89.439
a4,89.629
a4,90.888
a4,91.011
a4,91.282
a4,91.383
a4,91.468
a4,91.578
a4,91.685
a4,92.144
a4,92.25
a4,92.346
a4,92.43
a4,92.589
a4,92.834
a4,92.937
a4,93.053
a4,94.925
a4,95.006
a4,95.343
a4,95.479
a4,95.585
a4,95.673
a4,95.917
a4,96.014
a4,96.141
a4,96.223
a4,96.362
a4,97.391
a4,97.559
a4,97.666
a4,97.946
a4,98.231
a4,98.435
a4,98.561
a4,98.659
a4,98.75
a4,98.837
a4,98.95
a4,99.145
a4,99.293
a4,99.397
a4,99.48
a4,99.576
a4,99.755
a4,99.847
a4,99.932
a4,100.025
a4,100.415
a4,100.496
a4,100.594
a4,100.691
a4,101.179
a4,101.271
a4,101.364
a4,101.45
a4,101.643
a4,102.183
a4,102.458
a4,102.57
a4,102.762
a4,102.999
a4,103.115
a4,103.208
a4,103.293
a4,103.551
a4,103.659
a4,103.847
a4,104.056
a4,104.148
a4,104.623
a4,104.73
a4,104.845
a4,104.986
a4,105.551
a4,105.635
a5,0.093
a5,0.296
a5,0.482
a5,0.584
a5,1.185
a5,1.324
a5,1.431
a5,1.528
a5,1.635
a5,1.778
a5,1.872
a5,2.001
a5,2.109
a5,2.26
a5,2.387
a5,2.487
a5,2.587
a5,2.795
a5,3.032
a5,3.191
a5,3.29
a5,3.386
a5,3.533
a5,4.021
a5,4.186
a5,5.06
a5,5.208
a5,5.317
a5,5.575
a5,5.66
a5,5.755
a5,6.098
a5,6.405
a5,6.487
a5,6.578
a5,6.664
a5,7.137
a5,7.221
a5,7.305
a5,7.447
a5,8.988
a5,9.074
a5,9.186
a5,9.446
a5,10.23
a5,10.341
a5,10.433
a5,10.56
a5,10.684
a5,10.789
a5,10.907
a5,11.048
a5,11.226
a5,11.338
a5,11.473
a5,11.648
a5,11.74
a5,11.903
a5,12.018
a5,12.12
a5,13.135
a5,13.452
a5,13.589
a5,13.737
a5,13.835
a5,13.923
a5,14.024
a5,14.239
a5,14.487
a5,14.941
a5,15.044
a5,15.389
a5,15.515
a5,15.607
a5,15.797
a5,15.902
a5,16.019
a5,16.238
a5,16.39
a5,16.485
a5,16.566
a5,16.667
a5,16.828
a5,16.91
a5,17.051
a5,17.155
a5,17.237
a5,17.423
a5,17.585
a5,17.723
a5,17.913
a5,18.081
a5,18.18
a5,18.331
a5,18.444
a5,18.752
a5,18.87
a5,19.087
a5,19.188
a5,19.399
a5,19.511
a5,19.594
a5,19.712
a5,19.793
a5,19.901
a5,19.985
a5,20.166
a5,21.138
a5,21.22
a5,21.328
a5,21.539
a5,21.729
a5,21.884
a5,22.324
a5,22.451
a5,22.54
a5,22.735
a5,22.9
a5,23.112
a5,23.207
a5,23.415
a5,23.546
a5,23.649
a5,23.736
a5,23.889
a5,24.039
a5,24.151
a5,24.234
a5,24.317
a5,24.411
a5,24.495
a5,24.586
a5,24.953
a5,25.034
a5,25.283
a5,25.366
a5,25.629
a5,25.723
a5,25.868
a5,25.949
a5,26.099
a5,26.204
a5,26.452
a5,26.595
a5,26.745
a5,26.848
a5,26.947
a5,27.032
a5,27.171
a5,27.293
a5,27.392
a5,27.484
a5,27.632
a5,27.735
a5,27.821
a5,27.946
a5,28.036
a5,28.202
a5,28.609
a5,29.032
a5,29.337
a5,29.418
a5,29.522
a5,29.735
a5,29.837
a5,29.943
a5,30.551
a5,30.633
a5,30.872
a5,30.97
a5,31.081
a5,31.347
a5,31.581
a5,31.787
a5,31.883
a5,32.014
a5,32.23
a5,32.379
a5,32.49
a5,32.589
a5,32.67
a5,32.856
a5,32.938
a5,33.253
a5,33.44
a5,33.718
a5,33.857
a5,33.985
a5,34.094
a5,34.233
a5,34.397
a5,34.506
a5,34.915
a5,35.006
a5,35.174
a5,35.295
a5,35.483
a5,35.59
a5,35.687
a5,35.785
a5,35.873
a5,36.121
a5,36.205
a5,36.31
a5,36.496
a5,36.652
a5,36.733
a5,36.839
a5,37.019
a5,37.204
a5,37.483
a5,37.594
a5,37.765
a5,37.863
a5,38.238
a5,38.396
a5,38.484
a5,38.733
a5,39.012
a5,39.109
a5,39.21
a5,39.293
a5,39.373
a5,39.521
a5,39.922
a5,40.016
a5,40.161
a5,40.327
a5,40.424
a5,40.772
a5,40.867
a5,41.052
a5,41.146
a5,41.243
a5,41.41
a5,41.498
a5,41.602
a5,41.697
a5,41.827
a5,42.178
a5,43.18
a5,43.34
a5,43.421
a5,43.617
a5,43.699
a5,43.787
a5,44.062
a5,44.179
a5,44.364
a5,44.689
a5,44.777
a5,44.865
a5,44.954
a5,45.039
a5,45.137
a5,45.232
a5,45.325
a5,45.427
a5,45.525
a5,45.613
a5,45.71
a5,45.839
a5,46.076
a5,46.185
a5,46.392
a5,46.901
a5,47.134
a5,47.216
a5,47.299
a5,47.384
a5,47.504
a5,47.769
a5,48.002
a5,48.286
a5,48.41
a5,48.549
a5,48.63
a5,48.751
a5,49.035
a5,49.377
a5,49.498
a5,49.615
a5,49.722
a5,49.811
a5,50.013
a5,50.113
a5,50.34
a5,50.464
a5,50.613
a5,50.723
a5,50.825
a5,51.221
a5,51.314
a5,51.433
a5,51.613
a5,51.728
a5,51.883
a5,51.973
a5,52.077
a5,52.621
a5,52.709
a5,52.867
a5,52.976
a5,53.079
a5,53.16
a5,53.349
a5,53.646
a5,53.926
a5,54.014
a5,54.151
a5,54.273
a5,54.406
a5,54.492
a5,54.574
a5,54.69
a5,54.775
a5,54.86
a5,55.004
a5,55.109
a5,55.301
a5,55.461
a5,55.67
a5,55.803
a5,55.971
a5,56.06
a5,56.309
a5,56.427
a5,56.621
a5,56.838
a5,57.018
a5,57.49
a5,57.577
a5,57.684
a5,58.059
a5,58.141
a5,58.289
a5,58.377
a5,58.547
a5,58.82
a5,58.991
a5,59.106
a5,59.253
a5,59.441
a5,59.523
a5,59.67
a5,59.77
a5,59.884
a5,60.135
a5,60.256
a5,60.352
a5,61.333
a5,61.531
a5,61.722
a5,61.859
a5,61.981
a5,62.38
a5,62.562
a5,62.71
a5,62.795
a5,63.185
a5,63.271
a5,63.393
a5,63.484
a5,63.591
a5,63.675
a5,63.934
a5,64.022
a5,64.103
a5,64.207
a5,64.311
a5,64.402
a5,64.93
a5,65.023
a5,65.106
a5,65.201
a5,65.311
a5,65.421
a5,65.678
a5,65.774
a5,65.865
a5,65.953
a5,66.166
a5,66.444
a5,66.553
a5,66.815
a5,66.925
a5,67.104
a5,67.187
a5,67.695
a5,68.688
a5,69.006
a5,69.089
a5,69.19
a5,69.273
a5,69.371
a5,69.461
a5,69.67
a5,69.788
a5,69.885
a5,69.992
a5,70.098
a5,70.3
a5,71.049
a5,71.143
a5,71.413
a5,71.532
a5,71.629
a5,71.742
a5,71.822
a5,71.956
a5,72.074
a5,72.208
a5,72.308
a5,72.509
a5,72.604
a5,72.737
a5,72.824
a5,72.906
a5,73.008
a5,73.162
a5,73.26
a5,73.341
a5,73.44
a5,73.526
a5,73.64
a5,73.923
a5,74.254
a5,74.869
a5,74.995
a5,75.083
a5,75.255
a5,75.362
a5,75.461
a5,75.606
a5,75.709
a5,75.807
a5,75.925
a5,76.689
a5,76.94
a5,77.041
a5,77.122
a5,77.214
a5,77.927
a5,78.027
a5,78.115
a5,78.225
a5,78.321
a5,78.479
a5,78.58
a5,78.767
a5,78.848
a5,78.948
a5,79.036
a5,79.193
a5,79.3
a5,79.485
a5,79.619
a5,79.768
a5,79.876
a5,79.961
a5,80.061
a5,80.167
a5,80.713
a5,81.041
a5,81.57
a5,82.024
a5,82.254
a5,82.545
a5,82.644
a5,82.73
a5,82.846
a5,82.926
a5,83.05
a5,83.177
a5,83.353
a5,83.444
a5,83.551
a5,84.382
a5,84.567
a5,84.648
a5,84.754
a5,84.881
a5,84.976
a5,85.438
a5,85.566
a5,85.886
a5,85.986
a5,86.101
a5,86.193
a5,86.326
a5,87.06
a5,87.18
a5,87.267
a5,87.367
a5,87.45
a5,87.542
a5,87.632
a5,87.769
a5,87.939
a5,88.069
