id,t,x,y
w00,0,0.856,4.722
w00,1,0.901,4.695
w00,2,0.944,4.666
w00,3,0.987,4.636
w00,4,1.029,4.606
w00,5,1.07,4.574
w00,6,1.111,4.541
w00,7,1.151,4.508
w00,8,1.191,4.473
w00,9,1.23,4.437
w00,10,1.269,4.399
w00,11,1.308,4.361
w00,12,1.347,4.321
w00,13,1.386,4.28
w00,14,1.426,4.238
w00,15,1.467,4.195
w00,16,1.509,4.15
w00,17,1.552,4.105
w00,18,1.596,4.058
w00,19,1.642,4.01
w00,20,1.69,3.961
w00,21,1.74,3.911
w00,22,1.794,3.86
w00,23,1.85,3.809
w00,24,1.91,3.757
w00,25,1.974,3.706
w00,26,2.043,3.654
w00,27,2.116,3.604
w00,28,2.195,3.555
w00,29,2.28,3.507
w00,30,2.372,3.463
w00,31,2.471,3.423
w00,32,2.577,3.388
w00,33,2.691,3.359
w00,34,2.813,3.34
w00,35,2.942,3.332
w00,36,3.078,3.336
w00,37,3.218,3.356
w00,38,3.361,3.393
w00,39,3.504,3.448
w00,40,3.643,3.521
w00,41,3.774,3.611
w00,42,3.895,3.713
w00,43,4.005,3.824
w00,44,4.103,3.94
w00,45,4.191,4.057
w00,46,4.269,4.172
w00,47,4.34,4.284
w00,48,4.406,4.391
w00,49,4.467,4.493
w00,50,4.525,4.591
w00,51,4.58,4.683
w00,52,4.632,4.771
w00,53,4.683,4.855
w00,54,4.732,4.935
w00,55,4.78,5.011
w00,56,4.825,5.084
w00,57,4.869,5.153
w00,58,4.912,5.22
w00,59,4.953,5.285
w00,60,4.992,5.346
w00,61,5.029,5.406
w00,62,5.066,5.463
w00,63,5.1,5.519
w00,64,5.134,5.572
w00,65,5.166,5.624
w00,66,5.197,5.674
w00,67,5.227,5.722
w00,68,5.256,5.769
w00,69,5.285,5.815
w00,70,5.314,5.859
w00,71,5.342,5.901
w00,72,5.371,5.943
w00,73,5.4,5.983
w00,74,5.429,6.022
w00,75,5.459,6.059
w00,76,5.49,6.096
w00,77,5.523,6.132
w00,78,5.556,6.166
w00,79,5.591,6.2
w00,80,5.628,6.233
w00,81,5.667,6.265
w00,82,5.707,6.296
w00,83,5.749,6.326
w00,84,5.793,6.355
w00,85,5.839,6.384
w00,86,5.886,6.4
w00,87,5.936,6.4
w00,88,5.987,6.4
w00,89,6.04,6.4
w00,90,6.095,6.4
w00,91,6.152,6.4
w00,92,6.21,6.4
w00,93,6.269,6.4
w00,94,6.33,6.4
w00,95,6.391,6.4
w00,96,6.454,6.4
w00,97,6.518,6.4
w00,98,6.582,6.4
w00,99,6.647,6.4
w00,100,6.712,6.4
w00,101,6.778,6.4
w00,102,6.843,6.4
w00,103,6.909,6.4
w00,104,6.974,6.4
w00,105,7.039,6.4
w00,106,7.104,6.4
w00,107,7.168,6.4
w00,108,7.231,6.4
w00,109,7.293,6.4
w00,110,7.354,6.4
w00,111,7.415,6.4
w00,112,7.474,6.4
w00,113,7.532,6.4
w00,114,7.589,6.4
w00,115,7.645,6.4
w00,116,7.699,6.4
w00,117,7.753,6.4
w00,118,7.805,6.4
w00,119,7.857,6.4
w00,120,7.907,6.4
w00,121,7.956,6.4
w00,122,8.004,6.4
w00,123,8.052,6.4
w00,124,8.099,6.4
w00,125,8.145,6.4
w00,126,8.191,6.4
w00,127,8.237,6.4
w00,128,8.282,6.4
w00,129,8.328,6.4
w00,130,8.373,6.4
w00,131,8.419,6.4
w00,132,8.465,6.4
w00,133,8.511,6.4
w00,134,8.558,6.4
w00,135,8.606,6.4
w00,136,8.654,6.4
w00,137,8.704,6.4
w00,138,8.754,6.4
w00,139,8.805,6.4
w00,140,8.858,6.4
w00,141,8.911,6.4
w00,142,8.966,6.4
w00,143,9.022,6.4
w00,144,9.08,6.4
w00,145,9.138,6.4
w00,146,9.198,6.4
w00,147,9.259,6.4
w00,148,9.321,6.4
w00,149,9.384,6.4
w00,150,9.448,6.4
w00,151,9.513,6.4
w00,152,9.578,6.4
w00,153,9.645,6.4
w00,154,9.712,6.4
w00,155,9.779,6.4
w00,156,9.847,6.4
w00,157,9.915,6.4
w00,158,9.983,6.4
w00,159,0.051,6.4
w00,160,0.097,6.381
w01,0,2.368,6.12
w01,1,2.369,6.114
w01,2,2.368,6.109
w01,3,2.366,6.104
w01,4,2.364,6.1
w01,5,2.36,6.095
w01,6,2.356,6.091
w01,7,2.351,6.087
w01,8,2.346,6.083
w01,9,2.34,6.079
w01,10,2.335,6.075
w01,11,2.329,6.07
w01,12,2.323,6.066
w01,13,2.317,6.062
w01,14,2.312,6.057
w01,15,2.307,6.052
w01,16,2.303,6.047
w01,17,2.3,6.042
w01,18,2.297,6.036
w01,19,2.295,6.03
w01,20,2.294,6.023
w01,21,2.294,6.016
w01,22,2.294,6.008
w01,23,2.296,6.0
w01,24,2.299,5.991
w01,25,2.303,5.982
w01,26,2.308,5.972
w01,27,2.314,5.962
w01,28,2.321,5.951
w01,29,2.328,5.94
w01,30,2.337,5.928
w01,31,2.347,5.916
w01,32,2.357,5.903
w01,33,2.368,5.89
w01,34,2.379,5.876
w01,35,2.391,5.862
w01,36,2.403,5.848
w01,37,2.415,5.833
w01,38,2.428,5.817
w01,39,2.44,5.801
w01,40,2.452,5.785
w01,41,2.464,5.768
w01,42,2.476,5.751
w01,43,2.487,5.734
w01,44,2.497,5.716
w01,45,2.507,5.698
w01,46,2.516,5.679
w01,47,2.524,5.66
w01,48,2.531,5.64
w01,49,2.537,5.62
w01,50,2.541,5.6
w01,51,2.545,5.579
w01,52,2.547,5.557
w01,53,2.547,5.535
w01,54,2.547,5.513
w01,55,2.545,5.489
w01,56,2.541,5.465
w01,57,2.536,5.441
w01,58,2.53,5.415
w01,59,2.523,5.389
w01,60,2.514,5.361
w01,61,2.504,5.333
w01,62,2.493,5.304
w01,63,2.481,5.274
w01,64,2.468,5.242
w01,65,2.455,5.209
w01,66,2.441,5.175
w01,67,2.427,5.14
w01,68,2.413,5.102
w01,69,2.399,5.064
w01,70,2.385,5.023
w01,71,2.372,4.981
w01,72,2.359,4.937
w01,73,2.348,4.89
w01,74,2.339,4.842
w01,75,2.331,4.791
w01,76,2.325,4.738
w01,77,2.322,4.682
w01,78,2.323,4.624
w01,79,2.326,4.563
w01,80,2.335,4.499
w01,81,2.348,4.433
w01,82,2.367,4.364
w01,83,2.393,4.292
w01,84,2.427,4.219
w01,85,2.471,4.144
w01,86,2.525,4.07
w01,87,2.592,3.997
w01,88,2.673,3.929
w01,89,2.769,3.869
w01,90,2.882,3.822
w01,91,3.009,3.795
w01,92,3.146,3.794
w01,93,3.287,3.825
w01,94,3.421,3.891
w01,95,3.537,3.986
w01,96,3.628,4.102
w01,97,3.694,4.227
w01,98,3.738,4.352
w01,99,3.765,4.473
w01,100,3.781,4.586
w01,101,3.789,4.69
w01,102,3.794,4.786
w01,103,3.796,4.875
w01,104,3.797,4.957
w01,105,3.798,5.034
w01,106,3.799,5.106
w01,107,3.801,5.174
w01,108,3.804,5.238
w01,109,3.807,5.298
w01,110,3.81,5.356
w01,111,3.814,5.412
w01,112,3.818,5.465
w01,113,3.821,5.516
w01,114,3.824,5.564
w01,115,3.827,5.611
w01,116,3.829,5.657
w01,117,3.831,5.7
w01,118,3.831,5.742
w01,119,3.831,5.782
w01,120,3.83,5.821
w01,121,3.829,5.858
w01,122,3.826,5.893
w01,123,3.823,5.928
w01,124,3.819,5.961
w01,125,3.815,5.992
w01,126,3.81,6.022
w01,127,3.805,6.051
w01,128,3.8,6.079
w01,129,3.795,6.106
w01,130,3.79,6.132
w01,131,3.785,6.156
w01,132,3.781,6.18
w01,133,3.778,6.203
w01,134,3.775,6.225
w01,135,3.774,6.246
w01,136,3.773,6.267
w01,137,3.774,6.287
w01,138,3.777,6.307
w01,139,3.781,6.326
w01,140,3.786,6.345
w01,141,3.794,6.364
w01,142,3.803,6.382
w01,143,3.814,6.4
w01,144,3.827,6.4
w01,145,3.841,6.4
w01,146,3.857,6.4
w01,147,3.874,6.4
w01,148,3.893,6.4
w01,149,3.913,6.4
w01,150,3.935,6.4
w01,151,3.958,6.4
w01,152,3.983,6.4
w01,153,4.008,6.4
w01,154,4.035,6.4
w01,155,4.063,6.4
w01,156,4.091,6.4
w01,157,4.121,6.4
w01,158,4.151,6.4
w01,159,4.181,6.4
w01,160,4.212,6.4
w02,0,8.013,1.819
w02,1,8.053,1.776
w02,2,8.093,1.736
w02,3,8.133,1.698
w02,4,8.173,1.662
w02,5,8.214,1.628
w02,6,8.254,1.595
w02,7,8.295,1.564
w02,8,8.336,1.534
w02,9,8.377,1.506
w02,10,8.418,1.479
w02,11,8.459,1.453
w02,12,8.5,1.429
w02,13,8.541,1.405
w02,14,8.582,1.382
w02,15,8.622,1.361
w02,16,8.662,1.34
w02,17,8.702,1.32
w02,18,8.741,1.3
w02,19,8.779,1.282
w02,20,8.817,1.264
w02,21,8.853,1.247
w02,22,8.889,1.23
w02,23,8.924,1.214
w02,24,8.958,1.198
w02,25,8.991,1.183
w02,26,9.024,1.168
w02,27,9.055,1.153
w02,28,9.085,1.139
w02,29,9.115,1.125
w02,30,9.143,1.112
w02,31,9.171,1.098
w02,32,9.198,1.085
w02,33,9.224,1.072
w02,34,9.25,1.059
w02,35,9.275,1.047
w02,36,9.3,1.034
w02,37,9.325,1.021
w02,38,9.349,1.009
w02,39,9.373,0.996
w02,40,9.397,0.983
w02,41,9.422,0.971
w02,42,9.446,0.958
w02,43,9.471,0.945
w02,44,9.497,0.932
w02,45,9.523,0.919
w02,46,9.55,0.906
w02,47,9.578,0.893
w02,48,9.606,0.88
w02,49,9.636,0.867
w02,50,9.666,0.854
w02,51,9.698,0.84
w02,52,9.731,0.827
w02,53,9.765,0.813
w02,54,9.801,0.8
w02,55,9.838,0.786
w02,56,9.876,0.772
w02,57,9.916,0.759
w02,58,9.957,0.745
w02,59,9.999,0.731
w02,60,0.043,0.718
w02,61,0.109,0.72
w02,62,0.177,0.723
w02,63,0.246,0.726
w02,64,0.317,0.729
w02,65,0.388,0.732
w02,66,0.461,0.736
w02,67,0.535,0.739
w02,68,0.61,0.743
w02,69,0.686,0.747
w02,70,0.762,0.752
w02,71,0.839,0.757
w02,72,0.917,0.762
w02,73,0.994,0.767
w02,74,1.072,0.773
w02,75,1.15,0.779
w02,76,1.227,0.786
w02,77,1.305,0.793
w02,78,1.382,0.801
w02,79,1.458,0.809
w02,80,1.534,0.817
w02,81,1.609,0.827
w02,82,1.683,0.836
w02,83,1.757,0.847
w02,84,1.829,0.858
w02,85,1.901,0.869
w02,86,1.972,0.881
w02,87,2.041,0.894
w02,88,2.11,0.908
w02,89,2.177,0.922
w02,90,2.244,0.937
w02,91,2.31,0.952
w02,92,2.375,0.968
w02,93,2.44,0.985
w02,94,2.504,1.003
w02,95,2.567,1.022
w02,96,2.631,1.041
w02,97,2.694,1.061
w02,98,2.757,1.083
w02,99,2.821,1.105
w02,100,2.884,1.128
w02,101,2.949,1.152
w02,102,3.014,1.177
w02,103,3.08,1.203
w02,104,3.147,1.231
w02,105,3.215,1.259
w02,106,3.285,1.289
w02,107,3.356,1.321
w02,108,3.428,1.354
w02,109,3.503,1.388
w02,110,3.579,1.425
w02,111,3.656,1.463
w02,112,3.736,1.503
w02,113,3.817,1.546
w02,114,3.9,1.59
w02,115,3.985,1.637
w02,116,4.071,1.687
w02,117,4.158,1.739
w02,118,4.247,1.794
w02,119,4.337,1.852
w02,120,4.427,1.912
w02,121,4.518,1.976
w02,122,4.61,2.043
w02,123,4.702,2.113
w02,124,4.794,2.187
w02,125,4.886,2.264
w02,126,4.977,2.343
w02,127,5.069,2.426
w02,128,5.16,2.512
w02,129,5.251,2.6
w02,130,5.341,2.69
w02,131,5.432,2.781
w02,132,5.523,2.873
w02,133,5.614,2.965
w02,134,5.706,3.056
w02,135,5.797,3.146
w02,136,5.889,3.233
w02,137,5.981,3.316
w02,138,6.073,3.397
w02,139,6.165,3.473
w02,140,6.257,3.544
w02,141,6.348,3.611
w02,142,6.439,3.674
w02,143,6.529,3.733
w02,144,6.618,3.787
w02,145,6.707,3.837
w02,146,6.796,3.883
w02,147,6.884,3.926
w02,148,6.971,3.965
w02,149,7.059,4.001
w02,150,7.146,4.035
w02,151,7.233,4.065
w02,152,7.319,4.093
w02,153,7.406,4.118
w02,154,7.493,4.141
w02,155,7.58,4.162
w02,156,7.667,4.181
w02,157,7.754,4.199
w02,158,7.841,4.215
w02,159,7.928,4.229
w02,160,8.015,4.242
w03,0,5.822,4.151
w03,1,5.91,4.215
w03,2,5.996,4.276
w03,3,6.081,4.335
w03,4,6.164,4.39
w03,5,6.244,4.443
w03,6,6.323,4.494
w03,7,6.4,4.542
w03,8,6.474,4.587
w03,9,6.547,4.631
w03,10,6.618,4.672
w03,11,6.688,4.711
w03,12,6.755,4.749
w03,13,6.822,4.785
w03,14,6.887,4.819
w03,15,6.951,4.851
w03,16,7.014,4.882
w03,17,7.077,4.912
w03,18,7.139,4.94
w03,19,7.201,4.967
w03,20,7.262,4.993
w03,21,7.324,5.017
w03,22,7.386,5.04
w03,23,7.449,5.062
w03,24,7.511,5.083
w03,25,7.575,5.103
w03,26,7.639,5.122
w03,27,7.705,5.14
w03,28,7.771,5.157
w03,29,7.838,5.172
w03,30,7.906,5.187
w03,31,7.975,5.202
w03,32,8.045,5.215
w03,33,8.116,5.227
w03,34,8.189,5.239
w03,35,8.261,5.25
w03,36,8.335,5.26
w03,37,8.41,5.269
w03,38,8.485,5.278
w03,39,8.56,5.286
w03,40,8.636,5.293
w03,41,8.713,5.3
w03,42,8.789,5.306
w03,43,8.865,5.312
w03,44,8.941,5.317
w03,45,9.017,5.322
w03,46,9.093,5.327
w03,47,9.168,5.33
w03,48,9.242,5.334
w03,49,9.316,5.337
w03,50,9.388,5.34
w03,51,9.459,5.342
w03,52,9.53,5.344
w03,53,9.599,5.346
w03,54,9.666,5.348
w03,55,9.733,5.349
w03,56,9.798,5.35
w03,57,9.861,5.35
w03,58,9.923,5.351
w03,59,9.983,5.351
w03,60,0.042,5.35
w03,61,0.079,5.335
w03,62,0.115,5.32
w03,63,0.15,5.304
w03,64,0.184,5.287
w03,65,0.217,5.27
w03,66,0.248,5.253
w03,67,0.279,5.235
w03,68,0.308,5.217
w03,69,0.337,5.198
w03,70,0.365,5.179
w03,71,0.392,5.159
w03,72,0.419,5.138
w03,73,0.445,5.117
w03,74,0.471,5.095
w03,75,0.497,5.072
w03,76,0.523,5.049
w03,77,0.549,5.025
w03,78,0.575,5.0
w03,79,0.601,4.975
w03,80,0.628,4.949
w03,81,0.655,4.922
w03,82,0.683,4.894
w03,83,0.711,4.865
w03,84,0.74,4.836
w03,85,0.77,4.806
w03,86,0.802,4.774
w03,87,0.834,4.742
w03,88,0.867,4.709
w03,89,0.902,4.675
w03,90,0.938,4.64
w03,91,0.975,4.604
w03,92,1.014,4.566
w03,93,1.054,4.528
w03,94,1.096,4.489
w03,95,1.14,4.448
w03,96,1.186,4.406
w03,97,1.233,4.363
w03,98,1.282,4.319
w03,99,1.334,4.273
w03,100,1.387,4.226
w03,101,1.443,4.177
w03,102,1.502,4.127
w03,103,1.563,4.076
w03,104,1.628,4.023
w03,105,1.696,3.969
w03,106,1.768,3.913
w03,107,1.844,3.857
w03,108,1.925,3.799
w03,109,2.011,3.741
w03,110,2.104,3.683
w03,111,2.204,3.626
w03,112,2.311,3.57
w03,113,2.427,3.519
w03,114,2.553,3.472
w03,115,2.688,3.434
w03,116,2.833,3.407
w03,117,2.986,3.395
w03,118,3.145,3.4
w03,119,3.307,3.425
w03,120,3.466,3.472
w03,121,3.619,3.54
w03,122,3.76,3.626
w03,123,3.887,3.726
w03,124,3.998,3.834
w03,125,4.093,3.947
w03,126,4.174,4.062
w03,127,4.243,4.175
w03,128,4.3,4.284
w03,129,4.349,4.39
w03,130,4.39,4.491
w03,131,4.424,4.588
w03,132,4.454,4.679
w03,133,4.48,4.767
w03,134,4.502,4.85
w03,135,4.522,4.929
w03,136,4.54,5.004
w03,137,4.557,5.076
w03,138,4.574,5.144
w03,139,4.59,5.209
w03,140,4.607,5.272
w03,141,4.625,5.331
w03,142,4.643,5.389
w03,143,4.663,5.444
w03,144,4.684,5.496
w03,145,4.708,5.547
w03,146,4.733,5.597
w03,147,4.76,5.644
w03,148,4.79,5.69
w03,149,4.821,5.734
w03,150,4.855,5.777
w03,151,4.892,5.819
w03,152,4.93,5.86
w03,153,4.97,5.899
w03,154,5.013,5.937
w03,155,5.057,5.975
w03,156,5.103,6.011
w03,157,5.151,6.047
w03,158,5.199,6.081
w03,159,5.249,6.115
w03,160,5.3,6.148
w04,0,0.941,4.456
w04,1,0.992,4.426
w04,2,1.042,4.395
w04,3,1.092,4.363
w04,4,1.141,4.329
w04,5,1.191,4.295
w04,6,1.24,4.26
w04,7,1.288,4.223
w04,8,1.337,4.185
w04,9,1.386,4.146
w04,10,1.436,4.106
w04,11,1.486,4.064
w04,12,1.537,4.022
w04,13,1.589,3.978
w04,14,1.642,3.933
w04,15,1.698,3.887
w04,16,1.755,3.841
w04,17,1.814,3.794
w04,18,1.876,3.746
w04,19,1.942,3.698
w04,20,2.011,3.65
w04,21,2.084,3.603
w04,22,2.162,3.556
w04,23,2.245,3.512
w04,24,2.334,3.47
w04,25,2.428,3.431
w04,26,2.53,3.396
w04,27,2.638,3.368
w04,28,2.753,3.347
w04,29,2.875,3.335
w04,30,3.003,3.335
w04,31,3.137,3.348
w04,32,3.274,3.377
w04,33,3.412,3.423
w04,34,3.548,3.486
w04,35,3.678,3.567
w04,36,3.8,3.664
w04,37,3.911,3.772
w04,38,4.01,3.888
w04,39,4.097,4.008
w04,40,4.173,4.127
w04,41,4.241,4.244
w04,42,4.302,4.358
w04,43,4.358,4.466
w04,44,4.411,4.569
w04,45,4.462,4.666
w04,46,4.511,4.759
w04,47,4.559,4.847
w04,48,4.607,4.931
w04,49,4.653,5.011
w04,50,4.699,5.087
w04,51,4.745,5.16
w04,52,4.789,5.23
w04,53,4.833,5.297
w04,54,4.876,5.361
w04,55,4.918,5.424
w04,56,4.958,5.483
w04,57,4.998,5.541
w04,58,5.036,5.597
w04,59,5.072,5.651
w04,60,5.108,5.704
w04,61,5.142,5.754
w04,62,5.175,5.803
w04,63,5.206,5.851
w04,64,5.237,5.897
w04,65,5.267,5.942
w04,66,5.296,5.986
w04,67,5.324,6.028
w04,68,5.352,6.069
w04,69,5.38,6.109
w04,70,5.408,6.148
w04,71,5.436,6.185
w04,72,5.465,6.222
w04,73,5.494,6.258
w04,74,5.524,6.292
w04,75,5.555,6.326
w04,76,5.587,6.359
w04,77,5.62,6.391
w04,78,5.655,6.4
w04,79,5.692,6.4
w04,80,5.73,6.4
w04,81,5.77,6.4
w04,82,5.812,6.4
w04,83,5.855,6.4
w04,84,5.901,6.4
w04,85,5.948,6.4
w04,86,5.997,6.4
w04,87,6.048,6.4
w04,88,6.1,6.4
w04,89,6.155,6.4
w04,90,6.211,6.4
w04,91,6.268,6.4
w04,92,6.327,6.4
w04,93,6.388,6.4
w04,94,6.449,6.4
w04,95,6.512,6.4
w04,96,6.576,6.4
w04,97,6.64,6.4
w04,98,6.706,6.4
w04,99,6.771,6.4
w04,100,6.837,6.4
w04,101,6.904,6.4
w04,102,6.97,6.4
w04,103,7.036,6.4
w04,104,7.102,6.4
w04,105,7.168,6.4
w04,106,7.233,6.4
w04,107,7.297,6.4
w04,108,7.361,6.4
w04,109,7.424,6.4
w04,110,7.486,6.4
w04,111,7.546,6.4
w04,112,7.606,6.4
w04,113,7.664,6.4
w04,114,7.722,6.4
w04,115,7.778,6.4
w04,116,7.833,6.4
w04,117,7.886,6.4
w04,118,7.939,6.4
w04,119,7.99,6.4
w04,120,8.041,6.4
w04,121,8.09,6.4
w04,122,8.139,6.4
w04,123,8.186,6.4
w04,124,8.233,6.4
w04,125,8.28,6.4
w04,126,8.326,6.4
w04,127,8.371,6.4
w04,128,8.417,6.4
w04,129,8.462,6.4
w04,130,8.507,6.4
w04,131,8.553,6.4
w04,132,8.599,6.4
w04,133,8.645,6.4
w04,134,8.692,6.4
w04,135,8.74,6.4
w04,136,8.788,6.4
w04,137,8.837,6.4
w04,138,8.887,6.4
w04,139,8.939,6.4
w04,140,8.991,6.4
w04,141,9.044,6.4
w04,142,9.099,6.4
w04,143,9.155,6.4
w04,144,9.212,6.4
w04,145,9.27,6.4
w04,146,9.33,6.4
w04,147,9.39,6.4
w04,148,9.452,6.4
w04,149,9.515,6.4
w04,150,9.579,6.4
w04,151,9.643,6.4
w04,152,9.709,6.4
w04,153,9.775,6.4
w04,154,9.842,6.4
w04,155,9.909,6.4
w04,156,9.976,6.4
w04,157,0.044,6.4
w04,158,0.09,6.381
w04,159,0.136,6.363
w04,160,0.182,6.343
w05,0,4.331,1.873
w05,1,4.423,1.923
w05,2,4.514,1.976
w05,3,4.606,2.032
w05,4,4.698,2.091
w05,5,4.789,2.152
w05,6,4.88,2.217
w05,7,4.97,2.285
w05,8,5.06,2.355
w05,9,5.15,2.429
w05,10,5.238,2.505
w05,11,5.327,2.583
w05,12,5.415,2.663
w05,13,5.504,2.744
w05,14,5.592,2.826
w05,15,5.682,2.908
w05,16,5.772,2.989
w05,17,5.863,3.068
w05,18,5.955,3.145
w05,19,6.048,3.219
w05,20,6.142,3.289
w05,21,6.237,3.355
w05,22,6.332,3.417
w05,23,6.428,3.473
w05,24,6.524,3.524
w05,25,6.621,3.57
w05,26,6.717,3.611
w05,27,6.813,3.648
w05,28,6.909,3.679
w05,29,7.005,3.707
w05,30,7.1,3.73
w05,31,7.195,3.749
w05,32,7.289,3.764
w05,33,7.383,3.776
w05,34,7.476,3.784
w05,35,7.569,3.79
w05,36,7.661,3.793
w05,37,7.753,3.793
w05,38,7.844,3.792
w05,39,7.934,3.788
w05,40,8.024,3.783
w05,41,8.113,3.776
w05,42,8.201,3.767
w05,43,8.289,3.758
w05,44,8.376,3.747
w05,45,8.462,3.735
w05,46,8.548,3.723
w05,47,8.633,3.71
w05,48,8.717,3.697
w05,49,8.801,3.683
w05,50,8.883,3.669
w05,51,8.965,3.654
w05,52,9.047,3.639
w05,53,9.127,3.625
w05,54,9.206,3.61
w05,55,9.285,3.595
w05,56,9.362,3.58
w05,57,9.439,3.565
w05,58,9.514,3.55
w05,59,9.588,3.535
w05,60,9.661,3.521
w05,61,9.733,3.506
w05,62,9.803,3.491
w05,63,9.872,3.477
w05,64,9.939,3.462
w05,65,0.005,3.448
w05,66,0.067,3.431
w05,67,0.129,3.414
w05,68,0.19,3.397
w05,69,0.25,3.379
w05,70,0.31,3.361
w05,71,0.37,3.342
w05,72,0.428,3.323
w05,73,0.487,3.303
w05,74,0.544,3.283
w05,75,0.602,3.263
w05,76,0.659,3.242
w05,77,0.716,3.221
w05,78,0.773,3.2
w05,79,0.829,3.178
w05,80,0.886,3.156
w05,81,0.943,3.134
w05,82,1.0,3.111
w05,83,1.058,3.088
w05,84,1.116,3.066
w05,85,1.175,3.043
w05,86,1.235,3.019
w05,87,1.296,2.996
w05,88,1.358,2.973
w05,89,1.422,2.951
w05,90,1.487,2.928
w05,91,1.554,2.906
w05,92,1.623,2.884
w05,93,1.694,2.863
w05,94,1.768,2.842
w05,95,1.844,2.822
w05,96,1.923,2.803
w05,97,2.005,2.786
w05,98,2.09,2.77
w05,99,2.179,2.756
w05,100,2.271,2.744
w05,101,2.367,2.734
w05,102,2.467,2.727
w05,103,2.571,2.724
w05,104,2.679,2.724
w05,105,2.791,2.729
w05,106,2.907,2.739
w05,107,3.027,2.755
w05,108,3.151,2.777
w05,109,3.278,2.807
w05,110,3.407,2.844
w05,111,3.538,2.889
w05,112,3.669,2.943
w05,113,3.8,3.006
w05,114,3.929,3.077
w05,115,4.055,3.156
w05,116,4.177,3.241
w05,117,4.295,3.331
w05,118,4.408,3.426
w05,119,4.515,3.522
w05,120,4.617,3.621
w05,121,4.713,3.719
w05,122,4.804,3.816
w05,123,4.89,3.912
w05,124,4.971,4.005
w05,125,5.048,4.096
w05,126,5.121,4.184
w05,127,5.191,4.27
w05,128,5.256,4.352
w05,129,5.319,4.432
w05,130,5.379,4.509
w05,131,5.437,4.583
w05,132,5.492,4.654
w05,133,5.545,4.723
w05,134,5.597,4.79
w05,135,5.647,4.854
w05,136,5.697,4.917
w05,137,5.746,4.977
w05,138,5.795,5.035
w05,139,5.843,5.091
w05,140,5.892,5.146
w05,141,5.942,5.198
w05,142,5.992,5.249
w05,143,6.043,5.299
w05,144,6.095,5.346
w05,145,6.149,5.393
w05,146,6.204,5.437
w05,147,6.261,5.481
w05,148,6.319,5.523
w05,149,6.379,5.563
w05,150,6.44,5.603
w05,151,6.503,5.64
w05,152,6.568,5.677
w05,153,6.634,5.713
w05,154,6.701,5.747
w05,155,6.77,5.78
w05,156,6.84,5.812
w05,157,6.91,5.843
w05,158,6.982,5.873
w05,159,7.054,5.902
w05,160,7.126,5.93
w06,0,4.791,0.01
w06,1,4.838,0.036
w06,2,4.887,0.063
w06,3,4.936,0.091
w06,4,4.987,0.119
w06,5,5.038,0.148
w06,6,5.089,0.177
w06,7,5.142,0.206
w06,8,5.194,0.237
w06,9,5.246,0.267
w06,10,5.299,0.299
w06,11,5.351,0.331
w06,12,5.402,0.363
w06,13,5.453,0.397
w06,14,5.503,0.43
w06,15,5.552,0.465
w06,16,5.599,0.5
w06,17,5.645,0.536
w06,18,5.688,0.573
w06,19,5.73,0.61
w06,20,5.77,0.648
w06,21,5.807,0.687
w06,22,5.842,0.727
w06,23,5.875,0.768
w06,24,5.905,0.81
w06,25,5.932,0.853
w06,26,5.957,0.897
w06,27,5.979,0.943
w06,28,5.999,0.991
w06,29,6.017,1.04
w06,30,6.032,1.091
w06,31,6.046,1.145
w06,32,6.057,1.2
w06,33,6.068,1.259
w06,34,6.078,1.321
w06,35,6.087,1.386
w06,36,6.096,1.454
w06,37,6.106,1.527
w06,38,6.118,1.604
w06,39,6.131,1.686
w06,40,6.149,1.773
w06,41,6.171,1.866
w06,42,6.2,1.964
w06,43,6.237,2.067
w06,44,6.285,2.175
w06,45,6.346,2.285
w06,46,6.424,2.394
w06,47,6.52,2.498
w06,48,6.634,2.591
w06,49,6.764,2.666
w06,50,6.906,2.719
w06,51,7.053,2.748
w06,52,7.198,2.753
w06,53,7.337,2.739
w06,54,7.468,2.71
w06,55,7.588,2.671
w06,56,7.699,2.625
w06,57,7.801,2.574
w06,58,7.895,2.522
w06,59,7.982,2.469
w06,60,8.064,2.417
w06,61,8.141,2.366
w06,62,8.214,2.316
w06,63,8.284,2.268
w06,64,8.352,2.221
w06,65,8.416,2.176
w06,66,8.479,2.133
w06,67,8.54,2.092
w06,68,8.6,2.052
w06,69,8.658,2.014
w06,70,8.714,1.978
w06,71,8.77,1.943
w06,72,8.824,1.909
w06,73,8.876,1.876
w06,74,8.928,1.845
w06,75,8.978,1.815
w06,76,9.027,1.786
w06,77,9.075,1.758
w06,78,9.122,1.731
w06,79,9.167,1.705
w06,80,9.211,1.68
w06,81,9.254,1.655
w06,82,9.296,1.632
w06,83,9.336,1.609
w06,84,9.375,1.588
w06,85,9.413,1.567
w06,86,9.45,1.546
w06,87,9.486,1.527
w06,88,9.521,1.508
w06,89,9.555,1.49
w06,90,9.588,1.472
w06,91,9.62,1.455
w06,92,9.652,1.439
w06,93,9.683,1.423
w06,94,9.714,1.408
w06,95,9.744,1.394
w06,96,9.774,1.38
w06,97,9.803,1.367
w06,98,9.833,1.354
w06,99,9.863,1.342
w06,100,9.893,1.33
w06,101,9.923,1.319
w06,102,9.954,1.308
w06,103,9.985,1.297
w06,104,0.017,1.287
w06,105,0.07,1.278
w06,106,0.123,1.268
w06,107,0.177,1.259
w06,108,0.233,1.251
w06,109,0.29,1.242
w06,110,0.349,1.234
w06,111,0.409,1.226
w06,112,0.471,1.218
w06,113,0.535,1.211
w06,114,0.6,1.204
w06,115,0.666,1.197
w06,116,0.735,1.191
w06,117,0.805,1.185
w06,118,0.877,1.18
w06,119,0.95,1.174
w06,120,1.025,1.17
w06,121,1.101,1.165
w06,122,1.179,1.162
w06,123,1.258,1.158
w06,124,1.338,1.156
w06,125,1.42,1.153
w06,126,1.502,1.152
w06,127,1.586,1.151
w06,128,1.67,1.15
w06,129,1.754,1.151
w06,130,1.84,1.152
w06,131,1.925,1.154
w06,132,2.011,1.157
w06,133,2.097,1.161
w06,134,2.183,1.166
w06,135,2.268,1.171
w06,136,2.353,1.178
w06,137,2.438,1.186
w06,138,2.522,1.195
w06,139,2.605,1.206
w06,140,2.687,1.217
w06,141,2.768,1.23
w06,142,2.849,1.244
w06,143,2.928,1.26
w06,144,3.006,1.277
w06,145,3.082,1.295
w06,146,3.158,1.315
w06,147,3.232,1.336
w06,148,3.305,1.359
w06,149,3.378,1.383
w06,150,3.449,1.409
w06,151,3.519,1.437
w06,152,3.589,1.466
w06,153,3.658,1.497
w06,154,3.726,1.53
w06,155,3.794,1.565
w06,156,3.863,1.602
w06,157,3.931,1.64
w06,158,3.999,1.681
w06,159,4.068,1.724
w06,160,4.138,1.769
w07,0,1.597,6.23
w07,1,1.609,6.22
w07,2,1.62,6.211
w07,3,1.63,6.201
w07,4,1.639,6.191
w07,5,1.647,6.181
w07,6,1.654,6.171
w07,7,1.661,6.161
w07,8,1.667,6.15
w07,9,1.672,6.14
w07,10,1.678,6.128
w07,11,1.683,6.117
w07,12,1.688,6.105
w07,13,1.693,6.092
w07,14,1.698,6.079
w07,15,1.704,6.066
w07,16,1.71,6.052
w07,17,1.716,6.037
w07,18,1.723,6.022
w07,19,1.731,6.006
w07,20,1.739,5.99
w07,21,1.748,5.972
w07,22,1.758,5.954
w07,23,1.769,5.936
w07,24,1.78,5.916
w07,25,1.793,5.896
w07,26,1.806,5.876
w07,27,1.82,5.854
w07,28,1.834,5.832
w07,29,1.85,5.809
w07,30,1.866,5.785
w07,31,1.883,5.761
w07,32,1.901,5.735
w07,33,1.919,5.709
w07,34,1.937,5.682
w07,35,1.956,5.655
w07,36,1.975,5.626
w07,37,1.995,5.597
w07,38,2.014,5.567
w07,39,2.033,5.536
w07,40,2.053,5.504
w07,41,2.072,5.471
w07,42,2.091,5.437
w07,43,2.109,5.402
w07,44,2.127,5.366
w07,45,2.145,5.329
w07,46,2.162,5.291
w07,47,2.178,5.251
w07,48,2.194,5.21
w07,49,2.209,5.167
w07,50,2.224,5.123
w07,51,2.238,5.077
w07,52,2.251,5.029
w07,53,2.264,4.979
w07,54,2.278,4.926
w07,55,2.291,4.871
w07,56,2.304,4.813
w07,57,2.319,4.753
w07,58,2.334,4.689
w07,59,2.352,4.622
w07,60,2.373,4.551
w07,61,2.398,4.477
w07,62,2.428,4.398
w07,63,2.465,4.317
w07,64,2.511,4.233
w07,65,2.568,4.148
w07,66,2.638,4.064
w07,67,2.725,3.985
w07,68,2.829,3.916
w07,69,2.951,3.864
w07,70,3.086,3.838
w07,71,3.228,3.845
w07,72,3.365,3.888
w07,73,3.485,3.963
w07,74,3.58,4.062
w07,75,3.647,4.174
w07,76,3.689,4.29
w07,77,3.707,4.403
w07,78,3.709,4.51
w07,79,3.696,4.609
w07,80,3.674,4.698
w07,81,3.645,4.78
w07,82,3.612,4.852
w07,83,3.576,4.918
w07,84,3.539,4.977
w07,85,3.501,5.029
w07,86,3.464,5.077
w07,87,3.429,5.12
w07,88,3.395,5.159
w07,89,3.363,5.195
w07,90,3.333,5.228
w07,91,3.305,5.258
w07,92,3.28,5.286
w07,93,3.257,5.312
w07,94,3.236,5.337
w07,95,3.217,5.36
w07,96,3.201,5.382
w07,97,3.186,5.402
w07,98,3.174,5.422
w07,99,3.163,5.441
w07,100,3.153,5.459
w07,101,3.145,5.477
w07,102,3.138,5.493
w07,103,3.131,5.51
w07,104,3.126,5.525
w07,105,3.121,5.54
w07,106,3.116,5.554
w07,107,3.112,5.568
w07,108,3.107,5.581
w07,109,3.103,5.594
w07,110,3.097,5.605
w07,111,3.092,5.616
w07,112,3.086,5.626
w07,113,3.079,5.636
w07,114,3.071,5.644
w07,115,3.062,5.652
w07,116,3.052,5.658
w07,117,3.041,5.664
w07,118,3.029,5.668
w07,119,3.016,5.671
w07,120,3.002,5.673
w07,121,2.987,5.674
w07,122,2.97,5.674
w07,123,2.952,5.673
w07,124,2.934,5.67
w07,125,2.914,5.666
w07,126,2.894,5.661
w07,127,2.873,5.654
w07,128,2.851,5.647
w07,129,2.829,5.638
w07,130,2.807,5.628
w07,131,2.784,5.617
w07,132,2.761,5.605
w07,133,2.738,5.592
w07,134,2.715,5.578
w07,135,2.692,5.563
w07,136,2.67,5.548
w07,137,2.648,5.531
w07,138,2.627,5.514
w07,139,2.607,5.496
w07,140,2.587,5.477
w07,141,2.568,5.457
w07,142,2.55,5.437
w07,143,2.534,5.416
w07,144,2.518,5.395
w07,145,2.504,5.372
w07,146,2.49,5.35
w07,147,2.479,5.326
w07,148,2.468,5.302
w07,149,2.458,5.277
w07,150,2.45,5.251
w07,151,2.443,5.224
w07,152,2.438,5.196
w07,153,2.433,5.168
w07,154,2.43,5.138
w07,155,2.428,5.107
w07,156,2.427,5.074
w07,157,2.427,5.04
w07,158,2.429,5.004
w07,159,2.431,4.967
w07,160,2.435,4.927
w08,0,7.346,1.91
w08,1,7.36,1.875
w08,2,7.372,1.842
w08,3,7.382,1.809
w08,4,7.391,1.778
w08,5,7.398,1.749
w08,6,7.403,1.721
w08,7,7.408,1.694
w08,8,7.412,1.668
w08,9,7.415,1.644
w08,10,7.417,1.62
w08,11,7.418,1.598
w08,12,7.418,1.577
w08,13,7.417,1.556
w08,14,7.416,1.537
w08,15,7.413,1.518
w08,16,7.409,1.5
w08,17,7.404,1.483
w08,18,7.398,1.467
w08,19,7.39,1.451
w08,20,7.381,1.436
w08,21,7.37,1.422
w08,22,7.358,1.409
w08,23,7.344,1.396
w08,24,7.328,1.385
w08,25,7.311,1.374
w08,26,7.293,1.365
w08,27,7.272,1.357
w08,28,7.25,1.35
w08,29,7.227,1.345
w08,30,7.202,1.341
w08,31,7.175,1.339
w08,32,7.148,1.339
w08,33,7.119,1.341
w08,34,7.089,1.346
w08,35,7.058,1.353
w08,36,7.026,1.363
w08,37,6.993,1.376
w08,38,6.961,1.392
w08,39,6.928,1.412
w08,40,6.895,1.436
w08,41,6.863,1.465
w08,42,6.831,1.498
w08,43,6.801,1.537
w08,44,6.773,1.581
w08,45,6.748,1.63
w08,46,6.726,1.687
w08,47,6.709,1.75
w08,48,6.698,1.82
w08,49,6.696,1.897
w08,50,6.705,1.979
w08,51,6.729,2.065
w08,52,6.771,2.15
w08,53,6.833,2.228
w08,54,6.916,2.288
w08,55,7.013,2.324
w08,56,7.116,2.332
w08,57,7.216,2.314
w08,58,7.306,2.277
w08,59,7.385,2.227
w08,60,7.453,2.17
w08,61,7.51,2.11
w08,62,7.56,2.05
w08,63,7.603,1.991
w08,64,7.642,1.935
w08,65,7.676,1.881
w08,66,7.708,1.83
w08,67,7.738,1.781
w08,68,7.766,1.736
w08,69,7.793,1.693
w08,70,7.819,1.652
w08,71,7.845,1.613
w08,72,7.869,1.576
w08,73,7.894,1.542
w08,74,7.917,1.509
w08,75,7.94,1.477
w08,76,7.963,1.447
w08,77,7.985,1.419
w08,78,8.006,1.391
w08,79,8.027,1.365
w08,80,8.047,1.34
w08,81,8.067,1.316
w08,82,8.085,1.293
w08,83,8.103,1.271
w08,84,8.12,1.249
w08,85,8.136,1.229
w08,86,8.152,1.208
w08,87,8.166,1.189
w08,88,8.18,1.17
w08,89,8.193,1.152
w08,90,8.205,1.134
w08,91,8.216,1.116
w08,92,8.227,1.099
w08,93,8.237,1.082
w08,94,8.246,1.065
w08,95,8.255,1.048
w08,96,8.264,1.032
w08,97,8.272,1.016
w08,98,8.281,1.0
w08,99,8.289,0.983
w08,100,8.297,0.967
w08,101,8.305,0.951
w08,102,8.314,0.935
w08,103,8.323,0.919
w08,104,8.333,0.902
w08,105,8.343,0.886
w08,106,8.355,0.869
w08,107,8.367,0.852
w08,108,8.38,0.836
w08,109,8.394,0.819
w08,110,8.409,0.801
w08,111,8.426,0.784
w08,112,8.444,0.767
w08,113,8.463,0.749
w08,114,8.484,0.732
w08,115,8.506,0.714
w08,116,8.53,0.696
w08,117,8.555,0.678
w08,118,8.582,0.661
w08,119,8.611,0.643
w08,120,8.641,0.624
w08,121,8.673,0.606
w08,122,8.706,0.588
w08,123,8.74,0.57
w08,124,8.776,0.552
w08,125,8.814,0.534
w08,126,8.852,0.516
w08,127,8.892,0.498
w08,128,8.933,0.48
w08,129,8.974,0.462
w08,130,9.017,0.444
w08,131,9.06,0.427
w08,132,9.104,0.409
w08,133,9.149,0.392
w08,134,9.193,0.374
w08,135,9.238,0.357
w08,136,9.284,0.34
w08,137,9.329,0.323
w08,138,9.374,0.306
w08,139,9.419,0.289
w08,140,9.463,0.272
w08,141,9.507,0.256
w08,142,9.551,0.239
w08,143,9.594,0.223
w08,144,9.636,0.207
w08,145,9.677,0.191
w08,146,9.718,0.175
w08,147,9.757,0.16
w08,148,9.796,0.144
w08,149,9.834,0.129
w08,150,9.87,0.114
w08,151,9.906,0.099
w08,152,9.941,0.085
w08,153,9.974,0.07
w08,154,0.007,0.056
w08,155,0.06,0.052
w08,156,0.112,0.049
w08,157,0.163,0.045
w08,158,0.214,0.042
w08,159,0.264,0.038
w08,160,0.313,0.035
w09,0,1.137,2.01
w09,1,1.221,2.006
w09,2,1.307,2.003
w09,3,1.395,2.0
w09,4,1.483,1.999
w09,5,1.573,1.997
w09,6,1.664,1.997
w09,7,1.756,1.997
w09,8,1.849,1.999
w09,9,1.943,2.001
w09,10,2.037,2.005
w09,11,2.132,2.01
w09,12,2.228,2.017
w09,13,2.324,2.025
w09,14,2.42,2.035
w09,15,2.516,2.047
w09,16,2.612,2.06
w09,17,2.709,2.077
w09,18,2.805,2.095
w09,19,2.901,2.116
w09,20,2.997,2.14
w09,21,3.092,2.166
w09,22,3.187,2.196
w09,23,3.282,2.229
w09,24,3.376,2.265
w09,25,3.47,2.305
w09,26,3.563,2.348
w09,27,3.655,2.395
w09,28,3.748,2.446
w09,29,3.839,2.502
w09,30,3.931,2.561
w09,31,4.022,2.624
w09,32,4.113,2.692
w09,33,4.203,2.764
w09,34,4.293,2.84
w09,35,4.383,2.919
w09,36,4.473,3.003
w09,37,4.562,3.089
w09,38,4.652,3.178
w09,39,4.74,3.268
w09,40,4.829,3.36
w09,41,4.918,3.452
w09,42,5.007,3.544
w09,43,5.096,3.635
w09,44,5.185,3.725
w09,45,5.275,3.812
w09,46,5.364,3.898
w09,47,5.455,3.98
w09,48,5.545,4.059
w09,49,5.636,4.135
w09,50,5.727,4.208
w09,51,5.817,4.278
w09,52,5.907,4.345
w09,53,5.997,4.408
w09,54,6.086,4.469
w09,55,6.174,4.527
w09,56,6.261,4.581
w09,57,6.346,4.633
w09,58,6.429,4.683
w09,59,6.511,4.73
w09,60,6.592,4.775
w09,61,6.67,4.818
w09,62,6.746,4.859
w09,63,6.82,4.899
w09,64,6.892,4.936
w09,65,6.963,4.972
w09,66,7.031,5.007
w09,67,7.098,5.04
w09,68,7.162,5.072
w09,69,7.226,5.103
w09,70,7.287,5.133
w09,71,7.348,5.162
w09,72,7.407,5.19
w09,73,7.465,5.217
w09,74,7.523,5.243
w09,75,7.58,5.268
w09,76,7.636,5.293
w09,77,7.692,5.317
w09,78,7.749,5.341
w09,79,7.805,5.364
w09,80,7.862,5.386
w09,81,7.919,5.407
w09,82,7.976,5.428
w09,83,8.035,5.449
w09,84,8.094,5.468
w09,85,8.154,5.488
w09,86,8.215,5.506
w09,87,8.277,5.525
w09,88,8.341,5.542
w09,89,8.405,5.56
w09,90,8.47,5.576
w09,91,8.537,5.592
w09,92,8.604,5.608
w09,93,8.673,5.623
w09,94,8.742,5.638
w09,95,8.812,5.653
w09,96,8.883,5.666
w09,97,8.955,5.68
w09,98,9.027,5.693
w09,99,9.099,5.706
w09,100,9.171,5.718
w09,101,9.244,5.73
w09,102,9.316,5.742
w09,103,9.389,5.754
w09,104,9.46,5.765
w09,105,9.531,5.776
w09,106,9.602,5.786
w09,107,9.671,5.797
w09,108,9.74,5.807
w09,109,9.808,5.817
w09,110,9.874,5.826
w09,111,9.939,5.836
w09,112,0.003,5.845
w09,113,0.044,5.828
w09,114,0.084,5.81
w09,115,0.123,5.793
w09,116,0.16,5.776
w09,117,0.196,5.758
w09,118,0.231,5.74
w09,119,0.265,5.723
w09,120,0.297,5.705
w09,121,0.328,5.688
w09,122,0.357,5.67
w09,123,0.386,5.653
w09,124,0.413,5.635
w09,125,0.439,5.618
w09,126,0.465,5.6
w09,127,0.489,5.583
w09,128,0.513,5.565
w09,129,0.535,5.548
w09,130,0.558,5.53
w09,131,0.58,5.512
w09,132,0.601,5.494
w09,133,0.622,5.476
w09,134,0.643,5.458
w09,135,0.664,5.44
w09,136,0.685,5.421
w09,137,0.707,5.402
w09,138,0.728,5.383
w09,139,0.75,5.364
w09,140,0.773,5.344
w09,141,0.796,5.324
w09,142,0.819,5.304
w09,143,0.844,5.283
w09,144,0.869,5.261
w09,145,0.895,5.239
w09,146,0.922,5.217
w09,147,0.951,5.194
w09,148,0.98,5.17
w09,149,1.01,5.145
w09,150,1.041,5.12
w09,151,1.073,5.094
w09,152,1.107,5.067
w09,153,1.141,5.039
w09,154,1.176,5.01
w09,155,1.213,4.98
w09,156,1.251,4.949
w09,157,1.289,4.917
w09,158,1.329,4.883
w09,159,1.369,4.848
w09,160,1.411,4.812
w10,0,3.912,5.707
w10,1,3.912,5.742
w10,2,3.911,5.777
w10,3,3.909,5.81
w10,4,3.906,5.843
w10,5,3.902,5.875
w10,6,3.898,5.907
w10,7,3.894,5.939
w10,8,3.889,5.97
w10,9,3.884,6.0
w10,10,3.879,6.031
w10,11,3.874,6.061
w10,12,3.87,6.091
w10,13,3.867,6.121
w10,14,3.864,6.151
w10,15,3.863,6.18
w10,16,3.862,6.21
w10,17,3.863,6.24
w10,18,3.866,6.269
w10,19,3.87,6.299
w10,20,3.876,6.329
w10,21,3.884,6.359
w10,22,3.894,6.388
w10,23,3.906,6.4
w10,24,3.92,6.4
w10,25,3.936,6.4
w10,26,3.953,6.4
w10,27,3.971,6.4
w10,28,3.991,6.4
w10,29,4.013,6.4
w10,30,4.036,6.4
w10,31,4.06,6.4
w10,32,4.086,6.4
w10,33,4.113,6.4
w10,34,4.142,6.4
w10,35,4.171,6.4
w10,36,4.201,6.4
w10,37,4.233,6.4
w10,38,4.265,6.4
w10,39,4.297,6.4
w10,40,4.33,6.4
w10,41,4.364,6.4
w10,42,4.398,6.4
w10,43,4.432,6.4
w10,44,4.466,6.4
w10,45,4.5,6.4
w10,46,4.534,6.4
w10,47,4.567,6.4
w10,48,4.6,6.4
w10,49,4.632,6.4
w10,50,4.664,6.4
w10,51,4.696,6.4
w10,52,4.726,6.4
w10,53,4.756,6.4
w10,54,4.785,6.4
w10,55,4.813,6.4
w10,56,4.84,6.4
w10,57,4.867,6.4
w10,58,4.892,6.4
w10,59,4.917,6.4
w10,60,4.942,6.4
w10,61,4.965,6.4
w10,62,4.989,6.4
w10,63,5.011,6.4
w10,64,5.034,6.4
w10,65,5.056,6.4
w10,66,5.078,6.4
w10,67,5.1,6.4
w10,68,5.122,6.4
w10,69,5.144,6.4
w10,70,5.167,6.4
w10,71,5.191,6.4
w10,72,5.215,6.4
w10,73,5.24,6.4
w10,74,5.266,6.4
w10,75,5.293,6.4
w10,76,5.321,6.4
w10,77,5.351,6.4
w10,78,5.382,6.4
w10,79,5.415,6.4
w10,80,5.449,6.4
w10,81,5.486,6.4
w10,82,5.523,6.4
w10,83,5.563,6.4
w10,84,5.605,6.4
w10,85,5.648,6.4
w10,86,5.694,6.4
w10,87,5.741,6.4
w10,88,5.79,6.4
w10,89,5.841,6.4
w10,90,5.893,6.4
w10,91,5.948,6.4
w10,92,6.003,6.4
w10,93,6.061,6.4
w10,94,6.119,6.4
w10,95,6.179,6.4
w10,96,6.24,6.4
w10,97,6.302,6.4
w10,98,6.364,6.4
w10,99,6.427,6.4
w10,100,6.491,6.4
w10,101,6.555,6.4
w10,102,6.619,6.4
w10,103,6.683,6.4
w10,104,6.747,6.4
w10,105,6.811,6.4
w10,106,6.874,6.4
w10,107,6.936,6.4
w10,108,6.998,6.4
w10,109,7.06,6.4
w10,110,7.12,6.4
w10,111,7.179,6.4
w10,112,7.238,6.4
w10,113,7.295,6.4
w10,114,7.351,6.4
w10,115,7.406,6.4
w10,116,7.46,6.4
w10,117,7.513,6.4
w10,118,7.565,6.4
w10,119,7.616,6.4
w10,120,7.666,6.4
w10,121,7.715,6.4
w10,122,7.763,6.4
w10,123,7.81,6.4
w10,124,7.857,6.4
w10,125,7.903,6.4
w10,126,7.949,6.4
w10,127,7.994,6.4
w10,128,8.039,6.4
w10,129,8.085,6.4
w10,130,8.13,6.4
w10,131,8.176,6.4
w10,132,8.222,6.4
w10,133,8.268,6.4
w10,134,8.315,6.4
w10,135,8.363,6.4
w10,136,8.412,6.4
w10,137,8.461,6.4
w10,138,8.512,6.4
w10,139,8.563,6.4
w10,140,8.616,6.4
w10,141,8.67,6.4
w10,142,8.725,6.4
w10,143,8.781,6.4
w10,144,8.839,6.4
w10,145,8.898,6.4
w10,146,8.958,6.4
w10,147,9.019,6.4
w10,148,9.082,6.4
w10,149,9.145,6.4
w10,150,9.209,6.4
w10,151,9.275,6.4
w10,152,9.341,6.4
w10,153,9.408,6.4
w10,154,9.475,6.4
w10,155,9.543,6.4
w10,156,9.611,6.4
w10,157,9.68,6.4
w10,158,9.748,6.4
w10,159,9.817,6.4
w10,160,9.885,6.4
w11,0,5.167,3.745
w11,1,5.259,3.824
w11,2,5.348,3.901
w11,3,5.435,3.975
w11,4,5.52,4.047
w11,5,5.602,4.116
w11,6,5.682,4.182
w11,7,5.76,4.246
w11,8,5.836,4.306
w11,9,5.909,4.364
w11,10,5.981,4.42
w11,11,6.051,4.473
w11,12,6.119,4.523
w11,13,6.186,4.572
w11,14,6.252,4.618
w11,15,6.316,4.662
w11,16,6.379,4.704
w11,17,6.442,4.744
w11,18,6.504,4.783
w11,19,6.566,4.82
w11,20,6.628,4.854
w11,21,6.69,4.888
w11,22,6.752,4.92
w11,23,6.815,4.95
w11,24,6.878,4.979
w11,25,6.942,5.006
w11,26,7.007,5.032
w11,27,7.073,5.056
w11,28,7.14,5.08
w11,29,7.208,5.102
w11,30,7.278,5.122
w11,31,7.348,5.142
w11,32,7.42,5.16
w11,33,7.493,5.177
w11,34,7.567,5.193
w11,35,7.642,5.208
w11,36,7.718,5.222
w11,37,7.795,5.235
w11,38,7.872,5.247
w11,39,7.951,5.258
w11,40,8.029,5.268
w11,41,8.108,5.277
w11,42,8.188,5.285
w11,43,8.267,5.292
w11,44,8.346,5.299
w11,45,8.425,5.305
w11,46,8.504,5.31
w11,47,8.581,5.315
w11,48,8.659,5.319
w11,49,8.735,5.322
w11,50,8.811,5.325
w11,51,8.885,5.327
w11,52,8.958,5.329
w11,53,9.03,5.33
w11,54,9.101,5.331
w11,55,9.17,5.331
w11,56,9.238,5.331
w11,57,9.304,5.331
w11,58,9.369,5.33
w11,59,9.432,5.329
w11,60,9.493,5.328
w11,61,9.553,5.326
w11,62,9.611,5.324
w11,63,9.668,5.321
w11,64,9.723,5.319
w11,65,9.777,5.316
w11,66,9.829,5.312
w11,67,9.881,5.309
w11,68,9.931,5.305
w11,69,9.98,5.301
w11,70,0.028,5.297
w11,71,0.056,5.278
w11,72,0.083,5.259
w11,73,0.11,5.239
w11,74,0.137,5.218
w11,75,0.163,5.197
w11,76,0.19,5.175
w11,77,0.216,5.153
w11,78,0.243,5.129
w11,79,0.27,5.106
w11,80,0.298,5.081
w11,81,0.326,5.056
w11,82,0.355,5.03
w11,83,0.384,5.003
w11,84,0.414,4.976
w11,85,0.445,4.948
w11,86,0.477,4.919
w11,87,0.51,4.89
w11,88,0.545,4.86
w11,89,0.58,4.828
w11,90,0.616,4.797
w11,91,0.654,4.764
w11,92,0.693,4.73
w11,93,0.734,4.696
w11,94,0.775,4.661
w11,95,0.819,4.625
w11,96,0.863,4.587
w11,97,0.909,4.549
w11,98,0.957,4.51
w11,99,1.006,4.47
w11,100,1.056,4.428
w11,101,1.109,4.386
w11,102,1.163,4.342
w11,103,1.218,4.297
w11,104,1.276,4.251
w11,105,1.335,4.203
w11,106,1.396,4.154
w11,107,1.46,4.104
w11,108,1.526,4.052
w11,109,1.595,3.998
w11,110,1.667,3.944
w11,111,1.743,3.888
w11,112,1.822,3.831
w11,113,1.906,3.773
w11,114,1.994,3.715
w11,115,2.089,3.656
w11,116,2.19,3.599
w11,117,2.298,3.544
w11,118,2.414,3.492
w11,119,2.539,3.445
w11,120,2.672,3.406
w11,121,2.814,3.378
w11,122,2.963,3.363
w11,123,3.118,3.363
w11,124,3.274,3.383
w11,125,3.429,3.422
w11,126,3.579,3.48
w11,127,3.719,3.555
w11,128,3.846,3.645
w11,129,3.959,3.746
w11,130,4.057,3.853
w11,131,4.141,3.962
w11,132,4.213,4.073
w11,133,4.273,4.181
w11,134,4.324,4.287
w11,135,4.366,4.389
w11,136,4.403,4.487
w11,137,4.434,4.58
w11,138,4.461,4.669
w11,139,4.485,4.754
w11,140,4.507,4.835
w11,141,4.528,4.911
w11,142,4.549,4.985
w11,143,4.569,5.054
w11,144,4.59,5.121
w11,145,4.612,5.185
w11,146,4.636,5.246
w11,147,4.661,5.304
w11,148,4.687,5.36
w11,149,4.716,5.414
w11,150,4.747,5.466
w11,151,4.78,5.516
w11,152,4.815,5.565
w11,153,4.852,5.612
w11,154,4.892,5.657
w11,155,4.934,5.701
w11,156,4.977,5.744
w11,157,5.022,5.786
w11,158,5.069,5.826
w11,159,5.117,5.865
w11,160,5.167,5.903
w12,0,4.306,3.016
w12,1,4.42,3.089
w12,2,4.529,3.166
w12,3,4.636,3.244
w12,4,4.738,3.325
w12,5,4.837,3.406
w12,6,4.932,3.487
w12,7,5.024,3.567
w12,8,5.112,3.647
w12,9,5.197,3.725
w12,10,5.279,3.801
w12,11,5.358,3.875
w12,12,5.434,3.947
w12,13,5.508,4.016
w12,14,5.58,4.083
w12,15,5.65,4.148
w12,16,5.718,4.21
w12,17,5.785,4.269
w12,18,5.851,4.326
w12,19,5.916,4.38
w12,20,5.98,4.433
w12,21,6.044,4.483
w12,22,6.108,4.531
w12,23,6.172,4.576
w12,24,6.236,4.62
w12,25,6.301,4.662
w12,26,6.367,4.702
w12,27,6.434,4.739
w12,28,6.501,4.775
w12,29,6.57,4.81
w12,30,6.641,4.842
w12,31,6.712,4.873
w12,32,6.785,4.902
w12,33,6.859,4.929
w12,34,6.935,4.955
w12,35,7.011,4.979
w12,36,7.089,5.002
w12,37,7.168,5.023
w12,38,7.249,5.043
w12,39,7.329,5.061
w12,40,7.411,5.078
w12,41,7.493,5.093
w12,42,7.576,5.107
w12,43,7.659,5.12
w12,44,7.742,5.132
w12,45,7.825,5.143
w12,46,7.908,5.152
w12,47,7.99,5.161
w12,48,8.071,5.168
w12,49,8.152,5.175
w12,50,8.232,5.18
w12,51,8.311,5.185
w12,52,8.389,5.189
w12,53,8.466,5.193
w12,54,8.541,5.195
w12,55,8.615,5.197
w12,56,8.687,5.199
w12,57,8.758,5.2
w12,58,8.827,5.2
w12,59,8.895,5.2
w12,60,8.961,5.199
w12,61,9.025,5.198
w12,62,9.087,5.197
w12,63,9.148,5.195
w12,64,9.207,5.193
w12,65,9.265,5.19
w12,66,9.322,5.188
w12,67,9.376,5.185
w12,68,9.43,5.181
w12,69,9.483,5.178
w12,70,9.534,5.174
w12,71,9.584,5.17
w12,72,9.634,5.166
w12,73,9.683,5.162
w12,74,9.731,5.158
w12,75,9.779,5.153
w12,76,9.826,5.148
w12,77,9.873,5.144
w12,78,9.92,5.139
w12,79,9.968,5.134
w12,80,0.015,5.129
w12,81,0.044,5.105
w12,82,0.074,5.079
w12,83,0.105,5.054
w12,84,0.136,5.027
w12,85,0.168,5.001
w12,86,0.201,4.973
w12,87,0.235,4.945
w12,88,0.271,4.916
w12,89,0.307,4.887
w12,90,0.345,4.857
w12,91,0.383,4.826
w12,92,0.423,4.795
w12,93,0.465,4.763
w12,94,0.507,4.73
w12,95,0.551,4.697
w12,96,0.596,4.662
w12,97,0.643,4.627
w12,98,0.691,4.592
w12,99,0.74,4.555
w12,100,0.79,4.517
w12,101,0.842,4.479
w12,102,0.895,4.44
w12,103,0.95,4.399
w12,104,1.005,4.358
w12,105,1.063,4.315
w12,106,1.121,4.271
w12,107,1.182,4.226
w12,108,1.243,4.18
w12,109,1.307,4.133
w12,110,1.372,4.084
w12,111,1.44,4.034
w12,112,1.509,3.983
w12,113,1.581,3.93
w12,114,1.656,3.876
w12,115,1.734,3.821
w12,116,1.816,3.766
w12,117,1.901,3.709
w12,118,1.992,3.652
w12,119,2.087,3.596
w12,120,2.189,3.541
w12,121,2.297,3.488
w12,122,2.412,3.439
w12,123,2.535,3.395
w12,124,2.665,3.358
w12,125,2.803,3.331
w12,126,2.947,3.316
w12,127,3.095,3.315
w12,128,3.245,3.33
w12,129,3.395,3.362
w12,130,3.54,3.412
w12,131,3.677,3.478
w12,132,3.804,3.558
w12,133,3.919,3.65
w12,134,4.022,3.749
w12,135,4.111,3.853
w12,136,4.188,3.96
w12,137,4.254,4.067
w12,138,4.311,4.172
w12,139,4.36,4.274
w12,140,4.402,4.373
w12,141,4.439,4.468
w12,142,4.472,4.559
w12,143,4.503,4.646
w12,144,4.532,4.729
w12,145,4.559,4.808
w12,146,4.587,4.883
w12,147,4.615,4.955
w12,148,4.644,5.024
w12,149,4.674,5.089
w12,150,4.705,5.152
w12,151,4.738,5.213
w12,152,4.774,5.27
w12,153,4.811,5.326
w12,154,4.85,5.38
w12,155,4.892,5.432
w12,156,4.935,5.481
w12,157,4.98,5.53
w12,158,5.027,5.576
w12,159,5.075,5.621
w12,160,5.125,5.665
w13,0,5.868,4.949
w13,1,5.934,5.001
w13,2,5.997,5.052
w13,3,6.06,5.1
w13,4,6.12,5.147
w13,5,6.179,5.192
w13,6,6.236,5.235
w13,7,6.292,5.277
w13,8,6.346,5.317
w13,9,6.399,5.355
w13,10,6.451,5.393
w13,11,6.503,5.429
w13,12,6.553,5.464
w13,13,6.604,5.497
w13,14,6.654,5.53
w13,15,6.704,5.561
w13,16,6.754,5.591
w13,17,6.804,5.62
w13,18,6.855,5.648
w13,19,6.907,5.675
w13,20,6.959,5.701
w13,21,7.013,5.726
w13,22,7.067,5.751
w13,23,7.123,5.774
w13,24,7.18,5.796
w13,25,7.238,5.818
w13,26,7.298,5.838
w13,27,7.359,5.858
w13,28,7.421,5.877
w13,29,7.485,5.895
w13,30,7.55,5.912
w13,31,7.617,5.929
w13,32,7.685,5.945
w13,33,7.754,5.96
w13,34,7.823,5.974
w13,35,7.894,5.987
w13,36,7.966,6.0
w13,37,8.038,6.012
w13,38,8.11,6.024
w13,39,8.183,6.035
w13,40,8.256,6.045
w13,41,8.329,6.055
w13,42,8.401,6.064
w13,43,8.474,6.073
w13,44,8.546,6.081
w13,45,8.617,6.088
w13,46,8.687,6.095
w13,47,8.757,6.102
w13,48,8.825,6.108
w13,49,8.892,6.113
w13,50,8.959,6.119
w13,51,9.023,6.123
w13,52,9.087,6.128
w13,53,9.149,6.132
w13,54,9.209,6.135
w13,55,9.268,6.139
w13,56,9.326,6.141
w13,57,9.382,6.144
w13,58,9.437,6.146
w13,59,9.49,6.148
w13,60,9.542,6.149
w13,61,9.592,6.151
w13,62,9.642,6.151
w13,63,9.69,6.152
w13,64,9.737,6.152
w13,65,9.784,6.152
w13,66,9.829,6.152
w13,67,9.874,6.151
w13,68,9.919,6.151
w13,69,9.963,6.149
w13,70,0.006,6.148
w13,71,0.029,6.134
w13,72,0.051,6.12
w13,73,0.073,6.105
w13,74,0.096,6.089
w13,75,0.119,6.073
w13,76,0.142,6.057
w13,77,0.166,6.04
w13,78,0.191,6.022
w13,79,0.216,6.004
w13,80,0.242,5.986
w13,81,0.269,5.966
w13,82,0.297,5.947
w13,83,0.326,5.926
w13,84,0.355,5.906
w13,85,0.386,5.884
w13,86,0.418,5.862
w13,87,0.45,5.84
w13,88,0.484,5.817
w13,89,0.519,5.793
w13,90,0.554,5.769
w13,91,0.59,5.744
w13,92,0.628,5.719
w13,93,0.666,5.693
w13,94,0.704,5.666
w13,95,0.744,5.639
w13,96,0.784,5.611
w13,97,0.824,5.583
w13,98,0.865,5.553
w13,99,0.906,5.524
w13,100,0.948,5.493
w13,101,0.989,5.462
w13,102,1.031,5.43
w13,103,1.073,5.397
w13,104,1.114,5.364
w13,105,1.156,5.329
w13,106,1.197,5.294
w13,107,1.237,5.257
w13,108,1.278,5.22
w13,109,1.318,5.182
w13,110,1.357,5.143
w13,111,1.396,5.102
w13,112,1.434,5.061
w13,113,1.472,5.018
w13,114,1.509,4.973
w13,115,1.546,4.928
w13,116,1.582,4.881
w13,117,1.618,4.832
w13,118,1.653,4.782
w13,119,1.689,4.731
w13,120,1.725,4.677
w13,121,1.76,4.622
w13,122,1.797,4.565
w13,123,1.834,4.505
w13,124,1.873,4.444
w13,125,1.914,4.381
w13,126,1.956,4.316
w13,127,2.002,4.249
w13,128,2.051,4.18
w13,129,2.104,4.109
w13,130,2.162,4.038
w13,131,2.227,3.965
w13,132,2.298,3.893
w13,133,2.378,3.822
w13,134,2.467,3.754
w13,135,2.567,3.691
w13,136,2.677,3.636
w13,137,2.798,3.591
w13,138,2.928,3.56
w13,139,3.067,3.547
w13,140,3.209,3.555
w13,141,3.352,3.585
w13,142,3.489,3.639
w13,143,3.616,3.713
w13,144,3.729,3.805
w13,145,3.825,3.91
w13,146,3.904,4.022
w13,147,3.969,4.136
w13,148,4.02,4.25
w13,149,4.06,4.36
w13,150,4.092,4.466
w13,151,4.119,4.567
w13,152,4.142,4.661
w13,153,4.163,4.751
w13,154,4.184,4.835
w13,155,4.204,4.915
w13,156,4.225,4.991
w13,157,4.247,5.063
w13,158,4.27,5.131
w13,159,4.295,5.197
w13,160,4.322,5.259
