x,y,u,v
0.0,0.0,1.1758711574714777,-0.013700760440838733
0.30303030303030304,0.0,1.194141707902816,0.04339497381144869
0.6060606060606061,0.0,1.2122896430336048,0.09991067924012154
0.9090909090909092,0.0,1.2297217906190494,0.1524361274700064
1.2121212121212122,0.0,1.2456741939710878,0.19839250771747854
1.5151515151515151,0.0,1.2592079820786675,0.23630056370177058
1.8181818181818183,0.0,1.2692243627745272,0.26590620498978473
2.121212121212121,0.0,1.2745037729858197,0.28815078476795075
2.4242424242424243,0.0,1.2737699449901956,0.3049937571446673
2.7272727272727275,0.0,1.2657728315278836,0.3191136396541969
3.0303030303030303,0.0,1.2493768478071314,0.33352511354331654
3.3333333333333335,0.0,1.2236362521537614,0.35115331525863847
3.6363636363636367,0.0,1.1878416084521572,0.37440161007077316
3.9393939393939394,0.0,1.1415323554872865,0.40474033055077085
4.242424242424242,0.0,1.0844895219064559,0.4423367224790853
4.545454545454546,0.0,1.0167456077835924,0.48574595751684935
4.848484848484849,0.0,0.9386700888105256,0.5316942121334495
5.151515151515151,0.0,0.8512010510548285,0.5750133309976291
5.454545454545455,0.0,0.7562795298393852,0.6088391246454693
5.757575757575758,0.0,0.6574676795285185,0.62525599413704
6.0606060606060606,0.0,0.5605460550613872,0.6166028507331953
6.363636363636364,0.0,0.47359581322435385,0.5774983409083234
6.666666666666667,0.0,0.40589823949087234,0.5071208738735732
6.96969696969697,0.0,0.36540326974625104,0.4105421713327185
7.272727272727273,0.0,0.3557164614685392,0.2977990381368849
7.575757575757576,0.0,0.37454019001430117,0.18070794080920688
7.878787878787879,0.0,0.4147773917023093,0.06928759995889022
8.181818181818182,0.0,0.46745378672799165,-0.030097214085343882
8.484848484848484,0.0,0.5244992735026307,-0.11442203176718424
8.787878787878789,0.0,0.5801660913092934,-0.18261478411189236
9.090909090909092,0.0,0.6311378948229822,-0.23431095427126586
9.393939393939394,0.0,0.6759709742481113,-0.2692635287590093
9.696969696969697,0.0,0.7144134217250853,-0.2873285466800306
10.0,0.0,0.7468584918298702,-0.2887449304666806
0.0,0.3047619047619048,1.2367329020142255,-0.03366262636969575
0.30303030303030304,0.3047619047619048,1.2586756176127911,0.02305528447273142
0.6060606060606061,0.3047619047619048,1.2810311981740965,0.07971470449870155
0.9090909090909092,0.3047619047619048,1.3031768377519266,0.13309359860985243
1.2121212121212122,0.3047619047619048,1.3242632077774725,0.18082014330401125
1.5151515151515151,0.3047619047619048,1.3431961214813686,0.22162288572603842
1.8181818181818183,0.3047619047619048,1.3586439121760987,0.25542960961805145
2.121212121212121,0.3047619047619048,1.3690812486101653,0.2833050837214506
2.4242424242424243,0.3047619047619048,1.3728743576113505,0.30724261665967945
2.7272727272727275,0.3047619047619048,1.3684010126122603,0.329845960488344
3.0303030303030303,0.3047619047619048,1.3541835922218277,0.3539497951009994
3.3333333333333335,0.3047619047619048,1.3290014591266002,0.3822241957555191
3.6363636363636367,0.3047619047619048,1.2919481929884895,0.4167923486919244
3.9393939393939394,0.3047619047619048,1.2424152275722053,0.4588691965273916
4.242424242424242,0.3047619047619048,1.180014701915314,0.5084123464111556
4.545454545454546,0.3047619047619048,1.1044937412486333,0.5637732536842789
4.848484848484849,0.3047619047619048,1.0157333683365009,0.621350362878109
5.151515151515151,0.3047619047619048,0.9139651566650664,0.6752848161764282
5.454545454545455,0.3047619047619048,0.8003675371392485,0.717328718323118
5.757575757575758,0.3047619047619048,0.6781675273036953,0.7371943863570319
6.0606060606060606,0.3047619047619048,0.5541249834956689,0.7239425562308872
6.363636363636364,0.3047619047619048,0.439620602685996,0.6690159075273365
6.666666666666667,0.3047619047619048,0.3496877591388148,0.5706840851452771
6.96969696969697,0.3047619047619048,0.29851663803966644,0.4375508991574394
7.272727272727273,0.3047619047619048,0.2928307417144439,0.2873213002010377
7.575757575757576,0.3047619047619048,0.32811527062988155,0.1399224649511117
7.878787878787879,0.3047619047619048,0.3912728748741794,0.009811155774761271
8.181818181818182,0.3047619047619048,0.467186147297732,-0.09690904481972795
8.484848484848484,0.3047619047619048,0.5439363144109518,-0.18028197576808086
8.787878787878789,0.3047619047619048,0.6144458962106555,-0.24277925690224084
9.090909090909092,0.3047619047619048,0.6756669424164543,-0.28678499597473206
9.393939393939394,0.3047619047619048,0.7270755940603371,-0.3137544032463107
9.696969696969697,0.3047619047619048,0.7694208066766139,-0.324419386919667
10.0,0.3047619047619048,0.8039388162560213,-0.31937190196735327
0.0,0.6095238095238096,1.2950655235768735,-0.05721020643059521
0.30303030303030304,0.6095238095238096,1.3210737119390232,-0.001492324557086977
0.6060606060606061,0.6095238095238096,1.3482202049010819,0.054678394396434016
0.9090909090909092,0.6095238095238096,1.3758869775682658,0.10832032814035636
1.2121212121212122,0.6095238095238096,1.4031606029181136,0.15734164229707426
1.5151515151515151,0.6095238095238096,1.428788114601809,0.2007690810926301
1.8181818181818183,0.6095238095238096,1.4511654741799718,0.23880925031867473
2.121212121212121,0.6095238095238096,1.468380197806985,0.2727347785008558
2.4242424242424243,0.6095238095238096,1.4783236573129583,0.3046207445592547
2.7272727272727275,0.6095238095238096,1.4788700233370193,0.33698709857945636
3.0303030303030303,0.6095238095238096,1.4680895818178508,0.37241771448911515
3.3333333333333335,0.6095238095238096,1.4444356718607572,0.41321543939755767
3.6363636363636367,0.6095238095238096,1.4068349362976944,0.461115658321528
3.9393939393939394,0.6095238095238096,1.3546333105570332,0.5170346381278809
4.242424242424242,0.6095238095238096,1.287402015124366,0.5807960253129083
4.545454545454546,0.6095238095238096,1.2046710629892616,0.6507716325483939
4.848484848484849,0.6095238095238096,1.1057190365866163,0.7233859319162483
5.151515151515151,0.6095238095238096,0.989617559978027,0.7924631853973416
5.454545454545455,0.6095238095238096,0.855836441178548,0.8484810005981074
5.757575757575758,0.6095238095238096,0.7058471023458048,0.8780673933193153
6.0606060606060606,0.6095238095238096,0.5460809934605461,0.864747582793699
6.363636363636364,0.6095238095238096,0.3915798108835332,0.7928920499063379
6.666666666666667,0.6095238095238096,0.2669459295336849,0.656394639211251
6.96969696969697,0.6095238095238096,0.19900804991565368,0.46850617802062894
7.272727272727273,0.6095238095238096,0.20146168619048077,0.26176327592981785
7.575757575757576,0.6095238095238096,0.26484954341148836,0.07211451799074092
7.878787878787879,0.6095238095238096,0.36363459815639787,-0.0791527285196697
8.181818181818182,0.6095238095238096,0.47195864068027105,-0.18912909901330371
8.484848484848484,0.6095238095238096,0.5730735272786741,-0.2650522253511342
8.787878787878789,0.6095238095238096,0.6596796253236743,-0.31563769689297155
9.090909090909092,0.6095238095238096,0.7304760060394052,-0.3470770399998631
9.393939393939394,0.6095238095238096,0.786957725747262,-0.3626267978912428
9.696969696969697,0.6095238095238096,0.8315082683700447,-0.3636269064466948
10.0,0.6095238095238096,0.866509412997754,-0.35069478445600766
0.0,0.9142857142857144,1.348684015286214,-0.08462148174648454
0.30303030303030304,0.9142857142857144,1.3790854893133686,-0.030712070323746066
0.6060606060606061,0.9142857142857144,1.4115795695649906,0.024102670507639146
0.9090909090909092,0.9142857142857144,1.445612375682662,0.07714021643199609
1.2121212121212122,0.9142857142857144,1.4802543300809858,0.1266814475261912
1.5151515151515151,0.9142857142857144,1.5141112562836332,0.17217796617890607
1.8181818181818183,0.9142857142857144,1.5452716509643971,0.21426343811746762
2.121212121212121,0.9142857142857144,1.5713308806893225,0.2545590716016909
2.4242424242424243,0.9142857142857144,1.5895315390426688,0.29531122633955886
2.7272727272727275,0.9142857142857144,1.5970328244099758,0.33894980112688744
3.0303030303030303,0.9142857142857144,1.591266963551724,0.3876847326178403
3.3333333333333335,0.9142857142857144,1.5702760956657793,0.4432371447992253
3.6363636363636367,0.9142857142857144,1.5328894181667068,0.506725755162176
3.9393939393939394,0.9142857142857144,1.4786334830647385,0.5786321491612958
4.242424242424242,0.9142857142857144,1.4073623738231893,0.6587058308187445
4.545454545454546,0.9142857142857144,1.3186995568756938,0.7456682631181729
4.848484848484849,0.9142857142857144,1.2114557867369808,0.8366027191826468
5.151515151515151,0.9142857142857144,1.0832499688412156,0.9259153015637342
5.454545454545455,0.9142857142857144,0.9307250909961706,1.003722689890954
5.757575757575758,0.9142857142857144,0.7511881286370526,1.0536705600657543
6.0606060606060606,0.9142857142857144,0.5471922964636527,1.0511961928117992
6.363636363636364,0.9142857142857144,0.33527448136668236,0.9662928539904286
6.666666666666667,0.9142857142857144,0.1545199581054315,0.7786145958555768
6.96969696969697,0.9142857142857144,0.05819947148929172,0.5049462158394916
7.272727272727273,0.9142857142857144,0.07692467475141584,0.20861371180558724
7.575757575757576,0.9142857142857144,0.18921775147847786,-0.040099541147645856
7.878787878787879,0.9142857142857144,0.34252984092213656,-0.2108846719378819
8.181818181818182,0.9142857142857144,0.4932745351598554,-0.3133332718544678
8.484848484848484,0.9142857142857144,0.621069393833295,-0.37020314354635353
8.787878787878789,0.9142857142857144,0.7219351423377256,-0.399930052984809
9.090909090909092,0.9142857142857144,0.7989976322288261,-0.4128920731632318
9.393939393939394,0.9142857142857144,0.8571564483814347,-0.4134555959490359
9.696969696969697,0.9142857142857144,0.9009680889189731,-0.4027807893547872
10.0,0.9142857142857144,0.9340814980100267,-0.3809112907798822
0.0,1.2190476190476192,1.3953259134947527,-0.11606776887398129
0.30303030303030304,1.2190476190476192,1.4303187270705302,-0.0649862297913325
0.6060606060606061,1.2190476190476192,1.4686213214813366,-0.012681176484020562
0.9090909090909092,1.2190476190476192,1.5098397289497796,0.03852200135718953
1.2121212121212122,1.2190476190476192,1.5531211610009903,0.08738789135542946
1.5151515151515151,1.2190476190476192,1.5969916908382171,0.1339662579728622
1.8181818181818183,1.2190476190476192,1.6392212531872405,0.17954487758391408
2.121212121212121,1.2190476190476192,1.6767873406519869,0.2263342667469297
2.4242424242424243,1.2190476190476192,1.7060256452403637,0.27693000503572707
2.7272727272727275,1.2190476190476192,1.7230279978356524,0.3336930330842216
3.0303030303030303,1.2190476190476192,1.7242501818882583,0.3982603185527619
3.3333333333333335,1.2190476190476192,1.7071474824275756,0.47137594127163374
3.6363636363636367,1.2190476190476192,1.6705565843567416,0.5530803016628559
3.9393939393939394,1.2190476190476192,1.6145912900463897,0.6430829560804129
4.242424242424242,1.2190476190476192,1.540014060544019,0.7410194547661639
4.545454545454546,1.2190476190476192,1.4472488939278998,0.8463331130989873
4.848484848484849,1.2190476190476192,1.3352735380906475,0.9576369844496994
5.151515151515151,1.2190476190476192,1.2005837734947713,1.071405748327311
5.454545454545455,1.2190476190476192,1.0364727798914934,1.179575352289363
5.757575757575758,1.2190476190476192,0.8334696179333216,1.2651472819559928
6.0606060606060606,1.2190476190476192,0.5837805157774362,1.2950765355001836
6.363636363636364,1.2190476190476192,0.2962527441277796,1.2145279122576267
6.666666666666667,1.2190476190476192,0.02525107533320803,0.9639271746171874
6.96969696969697,1.2190476190476192,-0.12189066609411103,0.5499184945792134
7.272727272727273,1.2190476190476192,-0.07082217232539989,0.10387918181225025
7.575757575757576,1.2190476190476192,0.12549897886797057,-0.22406063360880268
7.878787878787879,1.2190476190476192,0.3556530918875451,-0.39989432024531746
8.181818181818182,1.2190476190476192,0.5528386858670313,-0.47197654270665723
8.484848484848484,1.2190476190476192,0.701652389605654,-0.4921426326527927
8.787878787878789,1.2190476190476192,0.8086749750089075,-0.4903530714563395
9.090909090909092,1.2190476190476192,0.884654455840931,-0.47920899183919374
9.393939393939394,1.2190476190476192,0.9387279449183318,-0.46212693370758734
9.696969696969697,1.2190476190476192,0.9775427343670748,-0.43871366782188126
10.0,1.2190476190476192,1.005695411060443,-0.4076492613586247
0.0,1.523809523809524,1.4326898366258802,-0.15154375015579086
0.30303030303030304,1.523809523809524,1.4722518088073389,-0.1045309372405866
0.6060606060606061,1.523809523809524,1.516619452507753,-0.0562209816946318
0.9090909090909092,1.523809523809524,1.5657033183491942,-0.008541019612053002
1.2121212121212122,1.523809523809524,1.618891395762837,0.03787468181224518
1.5151515151515151,1.523809523809524,1.6747756387939157,0.08389839008583017
1.8181818181818183,1.523809523809524,1.7308654083810668,0.13181328458849462
2.121212121212121,1.523809523809524,1.783399304090182,0.18483420509841136
2.4242424242424243,1.523809523809524,1.8274355157916673,0.24626953427335965
2.7272727272727275,1.523809523809524,1.857403432337127,0.3185306205654728
3.0303030303030303,1.523809523809524,1.8681427148012608,0.40238880859864384
3.3333333333333335,1.523809523809524,1.85613371563478,0.4969040051576975
3.6363636363636367,1.523809523809524,1.8203373710665895,0.6001473608849571
3.9393939393939394,1.523809523809524,1.7621228036222087,0.7103410862611841
4.242424242424242,1.523809523809524,1.684214925606204,0.826751704342794
4.545454545454546,1.523809523809524,1.5890663727665453,0.9498556079879409
4.848484848484849,1.523809523809524,1.477136922452141,1.0807044865956663
5.151515151515151,1.523809523809524,1.3452454127674072,1.2195528115420848
5.454545454545455,1.523809523809524,1.1847932571368098,1.3632987310372398
5.757575757575758,1.523809523809524,0.9797980209997411,1.4997966780598366
6.0606060606060606,1.523809523809524,0.7068895023228301,1.5942355940365676
6.363636363636364,1.523809523809524,0.34897187136521324,1.5621371075383184
6.666666666666667,1.523809523809524,-0.045722096836553705,1.256059685895759
6.96969696969697,1.523809523809524,-0.2797165241423216,0.6093853830366041
7.272727272727273,1.523809523809524,-0.16943332920169873,-0.09437926500379346
7.575757575757576,1.523809523809524,0.1513340836910042,-0.5108242071955998
7.878787878787879,1.523809523809524,0.46026621693902636,-0.6483322835305297
8.181818181818182,1.523809523809524,0.6830710501769034,-0.6531944594041244
8.484848484848484,1.523809523809524,0.8302589063438017,-0.6171202232166051
8.787878787878789,1.523809523809524,0.9260620490855827,-0.5756382144287736
9.090909090909092,1.523809523809524,0.9890576931628878,-0.537807762956215
9.393939393939394,1.523809523809524,1.031190090757064,-0.5029000474175074
9.696969696969697,1.523809523809524,1.05984980438649,-0.46746732446363326
10.0,1.523809523809524,1.0796260129473274,-0.4281755116203926
0.0,1.8285714285714287,1.4584925379264382,-0.19077717620312568
0.30303030303030304,1.8285714285714287,1.5022623925018923,-0.14927573794986776
0.6060606060606061,1.8285714285714287,1.5525872339082145,-0.10679737083734187
0.9090909090909092,1.8285714285714287,1.6098831809700827,-0.06487745105270298
1.2121212121212122,1.8285714285714287,1.6740444572206743,-0.0234586569981044
1.5151515151515151,1.8285714285714287,1.7440220255085763,0.01941152986816813
1.8181818181818183,1.8285714285714287,1.8172840082184512,0.06749867476248
2.121212121212121,1.8285714285714287,1.8892976429171808,0.12572619230173487
2.4242424242424243,1.8285714285714287,1.9533595322919661,0.19885843224937155
2.7272727272727275,1.8285714285714287,2.001240861179919,0.28975851516054324
3.0303030303030303,1.8285714285714287,2.0249336783257563,0.3979657452325054
3.3333333333333335,1.8285714285714287,2.0190831442485484,0.5196070952119415
3.6363636363636367,1.8285714285714287,1.9828543102713652,0.6490936143590489
3.9393939393939394,1.8285714285714287,1.9199683223474397,0.7817827077727493
4.242424242424242,1.8285714285714287,1.8367922019525715,0.9160150529618395
4.545454545454546,1.8285714285714287,1.7395925503142349,1.0535361535185104
4.848484848484849,1.8285714285714287,1.632153316724545,1.1985488085722484
5.151515151515151,1.8285714285714287,1.5140592189862012,1.3561758154948818
5.454545454545455,1.8285714285714287,1.3789682964810537,1.5304303917043622
5.757575757575758,1.8285714285714287,1.2115949339897303,1.7195994424322105
6.0606060606060606,1.8285714285714287,0.9824412747926256,1.9008158287011998
6.363636363636364,1.8285714285714287,0.6466424419851329,1.9792679441082806
6.666666666666667,1.8285714285714287,0.19880099526392914,1.679376933742574
6.96969696969697,1.8285714285714287,-0.11506591149628864,0.6901041937235763
7.272727272727273,1.8285714285714287,0.05373563265478354,-0.4179971446114191
7.575757575757576,1.8285714285714287,0.4425133940783976,-0.8806932026328419
7.878787878787879,1.8285714285714287,0.7372661854209821,-0.9091578152704416
8.181818181818182,1.8285714285714287,0.913149323353139,-0.8164027453239512
8.484848484848484,1.8285714285714287,1.0144746922657912,-0.7177853401582539
8.787878787878789,1.8285714285714287,1.0738618257764236,-0.63871181700947
9.090909090909092,1.8285714285714287,1.1095406527246976,-0.5781874295049325
9.393939393939394,1.8285714285714287,1.1313884548554312,-0.5292534328008316
9.696969696969697,1.8285714285714287,1.144885645477219,-0.48491301240466267
10.0,1.8285714285714287,1.1531848562346851,-0.43981748100443974
0.0,2.1333333333333337,1.4705594277826517,-0.23312265000684845
0.30303030303030304,2.1333333333333337,1.5176957188051043,-0.19870429283847574
0.6060606060606061,2.1333333333333337,1.5732891635409842,-0.16420394790836124
0.9090909090909092,2.1333333333333337,1.638508729218757,-0.1308679154300112
1.2121212121212122,2.1333333333333337,1.7141413868884399,-0.09795430868990235
1.5151515151515151,2.1333333333333337,1.8000183837376342,-0.062211415894665056
1.8181818181818183,2.1333333333333337,1.8941122912997825,-0.017772247259910834
2.121212121212121,2.1333333333333337,1.9913899720774142,0.04313275211784939
2.4242424242424243,2.1333333333333337,2.082903825609422,0.12821134388656452
2.7272727272727275,2.1333333333333337,2.156163706526652,0.24191620296306623
3.0303030303030303,2.1333333333333337,2.197916772991247,0.3822786635084424
3.3333333333333335,2.1333333333333337,2.199062908221518,0.5402725456334149
3.6363636363636367,2.1333333333333337,2.15893552591297,0.703376013559402
3.9393939393939394,2.1333333333333337,2.085575789620891,0.8615431025762752
4.242424242424242,2.1333333333333337,1.9917432227262144,1.0114183436345048
4.545454545454546,2.1333333333333337,1.8898239581303036,1.1565563151957323
4.848484848484849,2.1333333333333337,1.7886258006042786,1.30497850279844
5.151515151515151,2.1333333333333337,1.6925577868477042,1.4665191471963517
5.454545454545455,2.1333333333333337,1.6020180408705276,1.650947856494887
5.757575757575758,2.1333333333333337,1.5136095634277456,1.8650679821979022
6.0606060606060606,2.1333333333333337,1.4190816190429512,2.100028996805961
6.363636363636364,2.1333333333333337,1.302963678140066,2.273789612550116
6.666666666666667,2.1333333333333337,1.1512046117348032,2.0361139202571334
6.96969696969697,2.1333333333333337,1.027685776997198,0.7688751325851257
7.272727272727273,2.1333333333333337,1.0624481359726425,-0.6923680608908183
7.575757575757576,2.1333333333333337,1.1538045888717443,-1.1304218888493625
7.878787878787879,2.1333333333333337,1.2082495065132262,-1.0538639533505378
8.181818181818182,2.1333333333333337,1.2318434464042511,-0.8941852110094257
8.484848484848484,2.1333333333333337,1.2397822603017614,-0.7597761551996494
8.787878787878789,2.1333333333333337,1.2403270016588728,-0.6615982806972985
9.090909090909092,2.1333333333333337,1.2374251798959066,-0.5905401722247077
9.393939393939394,2.1333333333333337,1.232979980063846,-0.5355956225073182
9.696969696969697,2.1333333333333337,1.2279358170574548,-0.48773060345720165
10.0,2.1333333333333337,1.222770971399637,-0.44053132815013646
0.0,2.4380952380952383,1.466966364722319,-0.2774544916457053
0.30303030303030304,2.4380952380952383,1.5160067968781556,-0.25166723015692444
0.6060606060606061,2.4380952380952383,1.575342977286675,-0.22744820976338725
0.9090909090909092,2.4380952380952383,1.647140480624585,-0.20601385992061344
1.2121212121212122,2.4380952380952383,1.7335572939278776,-0.1861601141649213
1.5151515151515151,2.4380952380952383,1.8361088371012857,-0.16333253484452048
1.8181818181818183,2.4380952380952383,1.9543788306250163,-0.12897231264050035
2.121212121212121,2.4380952380952383,2.0838682383582574,-0.07081918250951619
2.4242424242424243,2.4380952380952383,2.2133744545005016,0.024614744414809653
2.7272727272727275,2.4380952380952383,2.323822521357923,0.16633276735056773
3.0303030303030303,2.4380952380952383,2.392026211698415,0.35134538939351695
3.3333333333333335,2.4380952380952383,2.4008005168019393,0.5614495757396135
3.6363636363636367,2.4380952380952383,2.349363590556627,0.7704864586749449
3.9393939393939394,2.4380952380952383,2.2541407071185082,0.9583175400138897
4.242424242424242,2.4380952380952383,2.139194944043542,1.1195253521006336
4.545454545454546,2.4380952380952383,2.0258007543211423,1.261584080686807
4.848484848484849,2.4380952380952383,1.9282506069581395,1.3979419666984583
5.151515151515151,2.4380952380952383,1.8553150875476168,1.542389159679065
5.454545454545455,2.4380952380952383,1.8142164854823906,1.706091405177613
5.757575757575758,2.4380952380952383,1.8157542401620599,1.8941900994725067
6.0606060606060606,2.4380952380952383,1.8812895233469176,2.092231499035162
6.363636363636364,2.4380952380952383,2.049331445711502,2.21089021318776
6.666666666666667,2.4380952380952383,2.341489206785868,1.9293394974558689
6.96969696969697,2.4380952380952383,2.5561788347178704,0.7787485048522869
7.272727272727273,2.4380952380952383,2.349394655695872,-0.5273969854807539
7.575757575757576,2.4380952380952383,1.9807189021856775,-0.988799826471621
7.878787878787879,2.4380952380952383,1.7192912160322926,-0.9652387533934863
8.181818181818182,2.4380952380952383,1.5621620881271965,-0.8383208702880389
8.484848484848484,2.4380952380952383,1.4656280340988457,-0.7220745649865404
8.787878787878789,2.4380952380952383,1.4026384215590968,-0.6344093778877424
9.090909090909092,2.4380952380952383,1.359015873866332,-0.5698725956448369
9.393939393939394,2.4380952380952383,1.3272459552741478,-0.519249564145455
9.696969696969697,2.4380952380952383,1.303146308731895,-0.4744131095151711
10.0,2.4380952380952383,1.2842592564112951,-0.4294349564754015
0.0,2.742857142857143,1.4462466916404328,-0.32208947180600234
0.30303030303030304,2.742857142857143,1.4950153199645513,-0.3062046708752365
0.6060606060606061,2.742857142857143,1.5554938308559416,-0.2944038998685832
0.9090909090909092,2.742857142857143,1.6309720895432516,-0.2883324983445492
1.2121212121212122,2.742857142857143,1.7254051629804086,-0.2869045429557133
1.5151515151515151,2.742857142857143,1.842981695321538,-0.2847901362843852
1.8181818181818183,2.742857142857143,1.9867300631828277,-0.27066554218928307
2.121212121212121,2.742857142857143,2.1552423687188726,-0.22596810569959286
2.4242424242424243,2.742857142857143,2.3368627722219295,-0.1265541074354773
2.7272727272727275,2.742857142857143,2.503546835466736,0.048342956399417714
3.0303030303030303,2.742857142857143,2.6131920759005087,0.2983723355351826
3.3333333333333335,2.742857142857143,2.630246057622272,0.5888025140993581
3.6363636363636367,2.742857142857143,2.552986808547023,0.8648916366872019
3.9393939393939394,2.742857142857143,2.4157463273787885,1.0875095251833273
4.242424242424242,2.742857142857143,2.26328507406858,1.251491286685425
4.545454545454546,2.742857142857143,2.128506303745699,1.3748230086101358
4.848484848484849,2.742857142857143,2.0288952911001843,1.480532551631992
5.151515151515151,2.742857142857143,1.9733326014892516,1.5864462874119796
5.454545454545455,2.742857142857143,1.9700664592213541,1.7016064245431437
5.757575757575758,2.742857142857143,2.0333892968874663,1.822450792067624
6.0606060606060606,2.742857142857143,2.1884130582567676,1.9194123810044752
6.363636363636364,2.742857142857143,2.4638326292041715,1.8996617585892235
6.666666666666667,2.742857142857143,2.8271306363643767,1.5603091337357045
6.96969696969697,2.742857142857143,3.0405927434362017,0.7540510089608731
7.272727272727273,2.742857142857143,2.8426541792363516,-0.12700803631876956
7.575757575757576,2.742857142857143,2.4232447498025023,-0.5873915209856702
7.878787878787879,2.742857142857143,2.059060962394504,-0.6969944050621235
8.181818181818182,2.742857142857143,1.809288798601521,-0.6703092240487842
8.484848484848484,2.742857142857143,1.6453487888163325,-0.6140498452756256
8.787878787878789,2.742857142857143,1.5357281887921965,-0.5616617791857943
9.090909090909092,2.742857142857143,1.4597930138764672,-0.5185762717222693
9.393939393939394,2.742857142857143,1.4052239883446045,-0.4815894030040971
9.696969696969697,2.742857142857143,1.3646767073257173,-0.4458068436654131
10.0,2.742857142857143,1.3336602510692563,-0.4070808706733399
0.0,3.047619047619048,1.4076605955960255,-0.3647872451605648
0.30303030303030304,3.047619047619048,1.4532963768210765,-0.359454362571373
0.6060606060606061,3.047619047619048,1.5111469106935596,-0.36151828860906693
0.9090909090909092,3.047619047619048,1.5854647455614839,-0.37367568198726225
1.2121212121212122,3.047619047619048,1.6820575158468172,-0.39596022960894345
1.5151515151515151,3.047619047619048,1.8084893811014102,-0.4236808593548838
1.8181818181818183,3.047619047619048,1.9734098271729534,-0.4441367014295641
2.121212121212121,3.047619047619048,2.1831392077512572,-0.43198817625065544
2.4242424242424243,3.047619047619048,2.431923852363461,-0.3459281554308584
2.7272727272727275,3.047619047619048,2.6839908094006195,-0.13753377447566834
3.0303030303030303,3.047619047619048,2.8629144277397707,0.2103372024019483
3.3333333333333335,3.047619047619048,2.8895078309621227,0.6338502424790232
3.6363636363636367,3.047619047619048,2.758907793764944,1.0129920525939462
3.9393939393939394,3.047619047619048,2.547378391423311,1.2727404123147263
4.242424242424242,3.047619047619048,2.3376007548803845,1.4209854038463732
4.545454545454546,3.047619047619048,2.173603421667234,1.5027186535437294
4.848484848484849,3.047619047619048,2.0684990750878147,1.5577499167786317
5.151515151515151,3.047619047619048,2.0237938181640676,1.6085297982644065
5.454545454545455,3.047619047619048,2.041205613923046,1.6609177506861388
5.757575757575758,3.047619047619048,2.127235513373791,1.7041201366755492
6.0606060606060606,3.047619047619048,2.291151802940133,1.7041447438436501
6.363636363636364,3.047619047619048,2.528946205961117,1.5923279677806823
6.666666666666667,3.047619047619048,2.7808465384297736,1.2767650291811474
6.96969696969697,3.047619047619048,2.9010676980773953,0.7439943765201531
7.272727272727273,3.047619047619048,2.7765185831597985,0.17659142245337006
7.575757575757576,3.047619047619048,2.4854692113893835,-0.21177879647726283
7.878787878787879,3.047619047619048,2.180046705218974,-0.39588723563055217
8.181818181818182,3.047619047619048,1.9338011631716898,-0.45812217474474093
8.484848484848484,3.047619047619048,1.7530615582953435,-0.467917962465748
8.787878787878789,3.047619047619048,1.6232777149330515,-0.4595492241341926
9.090909090909092,3.047619047619048,1.5293652623270653,-0.44533174120801844
9.393939393939394,3.047619047619048,1.460130305516963,-0.42755699068240827
9.696969696969697,3.047619047619048,1.4079712866395238,-0.40488003175865406
10.0,3.047619047619048,1.367828734715339,-0.3753373134075823
0.0,3.352380952380953,1.3514897476779841,-0.4028835884460353
0.30303030303030304,3.352380952380953,1.3906766559932504,-0.40775581015534124
0.6060606060606061,3.352380952380953,1.441180113908082,-0.4237760505123715
0.9090909090909092,3.352380952380953,1.5076042824054792,-0.45529099830097974
1.2121212121212122,3.352380952380953,1.5968650749906834,-0.5046581294869115
1.5151515151515151,3.352380952380953,1.7193392763212498,-0.5701008719329679
1.8181818181818183,3.352380952380953,1.8900388592433934,-0.6412865546138666
2.121212121212121,3.352380952380953,2.1278921402256015,-0.6901491779408961
2.4242424242424243,3.352380952380953,2.445978183901638,-0.6551602850269833
2.7272727272727275,3.352380952380953,2.816350066645186,-0.43256141010631466
3.0303030303030303,3.352380952380953,3.1122780116847855,0.061290187393817364
3.3333333333333335,3.352380952380953,3.1513120178335186,0.7193730837741453
3.6363636363636367,3.352380952380953,2.9194787353843705,1.2588976839407127
3.9393939393939394,3.352380952380953,2.5942789302513933,1.5413901859050143
4.242424242424242,3.352380952380953,2.318356993708,1.6351685142881753
4.545454545454546,3.352380952380953,2.1319991511367933,1.6439597797027643
4.848484848484849,3.352380952380953,2.0288733430128723,1.6296724260260491
5.151515151515151,3.352380952380953,1.9956183754522874,1.6166186122138266
5.454545454545455,3.352380952380953,2.0236019194869783,1.606195047179993
5.757575757575758,3.352380952380953,2.108859332753627,1.5839551938090701
6.0606060606060606,3.352380952380953,2.246148983583798,1.5207616844400027
6.363636363636364,3.352380952380953,2.4162635193649376,1.3753091867105498
6.666666666666667,3.352380952380953,2.5698021208436934,1.112510441915414
6.96969696969697,3.352380952380953,2.6320433248110446,0.746134516168543
7.272727272727273,3.352380952380953,2.556572792416106,0.3610788431857666
7.575757575757576,3.352380952380953,2.373694695149476,0.052921456583509
7.878787878787879,3.352380952380953,2.1553468801729263,-0.14571626658381498
8.181818181818182,3.352380952380953,1.954298959354983,-0.25742098026286386
8.484848484848484,3.352380952380953,1.7898620035819839,-0.3164885938207718
8.787878787878789,3.352380952380953,1.6619363801986085,-0.347019137449305
9.090909090909092,3.352380952380953,1.5639495790839761,-0.3612670667958878
9.393939393939394,3.352380952380953,1.4887875178187713,-0.36388818540352497
9.696969696969697,3.352380952380953,1.430592937576232,-0.3558494188842748
10.0,3.352380952380953,1.3849634745668455,-0.3369327315502902
0.0,3.6571428571428575,1.2792752351718293,-0.43359209712527286
0.30303030303030304,3.6571428571428575,1.3087119826824904,-0.44705379478234214
0.6060606060606061,3.6571428571428575,1.3468808763479325,-0.4751768832147228
0.9090909090909092,3.6571428571428575,1.397692953857937,-0.5241963312513284
1.2121212121212122,3.6571428571428575,1.4674294513335173,-0.5995519724548048
1.5151515151515151,3.6571428571428575,1.5664932468509427,-0.7044386310381363
1.8181818181818183,3.6571428571428575,1.712443205379845,-0.835911407264402
2.121212121212121,3.6571428571428575,1.9342894518165512,-0.9735194952803086
2.4242424242424243,3.6571428571428575,2.2726636582250586,-1.0478619774234657
2.7272727272727275,3.6571428571428575,2.7442504588020333,-0.8776601424669364
3.0303030303030303,3.6571428571428575,3.197291715819751,-0.19211656420039158
3.3333333333333335,3.6571428571428575,3.2527069605158676,0.8835890812206129
3.6363636363636367,3.6571428571428575,2.8744437835047463,1.651173728046268
3.9393939393939394,3.6571428571428575,2.442642465526607,1.8949531965093747
4.242424242424242,3.6571428571428575,2.144661982268946,1.8724163633290218
4.545454545454546,3.6571428571428575,1.976604930533651,1.7779442834699664
4.848484848484849,3.6571428571428575,1.900794183548282,1.684986330615483
5.151515151515151,3.6571428571428575,1.8903060182018907,1.6100364924270787
5.454545454545455,3.6571428571428575,1.9298669593877384,1.5469344505338039
5.757575757575758,3.6571428571428575,2.0097784461756434,1.4788158817946515
6.0606060606060606,3.6571428571428575,2.1189994347475425,1.3824852160472423
6.363636363636364,3.6571428571428575,2.237786909527233,1.2337423107413694
6.666666666666667,3.6571428571428575,2.3335080119106806,1.0191196963448501
6.96969696969697,3.6571428571428575,2.3685423648943438,0.7514225296048358
7.272727272727273,3.6571428571428575,2.3224825974744894,0.4718603078211365
7.575757575757576,3.6571428571428575,2.207838313763177,0.22652876856311105
7.878787878787879,3.6571428571428575,2.058711771120704,0.03924835667808846
8.181818181818182,3.6571428571428575,1.907181057524971,-0.09175639904148336
8.484848484848484,3.6571428571428575,1.7715283836960927,-0.17997599249721713
8.787878787878789,3.6571428571428575,1.6578467400395323,-0.23860190221925065
9.090909090909092,3.6571428571428575,1.5655636517000016,-0.2762212364030453
9.393939393939394,3.6571428571428575,1.4915781761941052,-0.29715000492050503
9.696969696969697,3.6571428571428575,1.432358644508096,-0.30312150988552966
10.0,3.6571428571428575,1.3847567038090296,-0.294865683242387
0.0,3.961904761904762,1.1938855941175952,-0.45445204644247883
0.30303030303030304,3.961904761904762,1.2109276484651856,-0.47361212227744226
0.6060606060606061,3.961904761904762,1.2325989915330444,-0.509867203931554
0.9090909090909092,3.961904761904762,1.2609770958799826,-0.5709115764607213
1.2121212121212122,3.961904761904762,1.2995032064716798,-0.6647775295746008
1.5151515151515151,3.961904761904762,1.3541777443789504,-0.7994250406233414
1.8181818181818183,3.961904761904762,1.4360300602061362,-0.9807801408552013
2.121212121212121,3.961904761904762,1.566174177033716,-1.203850093557893
2.4242424242424243,3.961904761904762,1.7841200379216329,-1.4160860681645575
2.7272727272727275,3.961904761904762,2.142142525838441,-1.389863792118068
3.0303030303030303,3.961904761904762,2.568606126668337,-0.5448470119707649
3.3333333333333335,3.961904761904762,2.627785584317845,1.1276902536694378
3.6363636363636367,3.961904761904762,2.2686427387496506,2.1186273907143622
3.9393939393939394,3.961904761904762,1.9472317012813054,2.227226985901426
4.242424242424242,3.961904761904762,1.7743376912191613,2.0541688860478025
4.545454545454546,3.961904761904762,1.702535943295074,1.8593696754361058
4.848484848484849,3.961904761904762,1.6918750555600421,1.701098553766868
5.151515151515151,3.961904761904762,1.7214392259106268,1.5798107344661845
5.454545454545455,3.961904761904762,1.7802359748425545,1.481141227457381
5.757575757575758,3.961904761904762,1.8603342925580855,1.386651850103297
6.0606060606060606,3.961904761904762,1.9521019417161671,1.2773817484622567
6.363636363636364,3.961904761904762,2.040976815757743,1.1376216580414904
6.666666666666667,3.961904761904762,2.1073567666210877,0.9607273202680294
6.96969696969697,3.961904761904762,2.131976624690487,0.7543839504448088
7.272727272727273,3.961904761904762,2.1052780363163035,0.5393290043939515
7.575757575757576,3.961904761904762,2.033053447386804,0.3393778429131354
7.878787878787879,3.961904761904762,1.9323888457992766,0.17026464459736645
8.181818181818182,3.961904761904762,1.8220965785777283,0.03619209626920222
8.484848484848484,3.961904761904762,1.715882969051353,-0.06619767290020756
8.787878787878789,3.961904761904762,1.6209313320118217,-0.142407235241499
9.090909090909092,3.961904761904762,1.5395681244937225,-0.1969293986115807
9.393939393939394,3.961904761904762,1.4714110046336706,-0.23247986932516718
9.696969696969697,3.961904761904762,1.4149132259093318,-0.2504825827237138
10.0,3.961904761904762,1.368224135692001,-0.2518957621731377
0.0,4.2666666666666675,1.0993206714768529,-0.4638170374017412
0.30303030303030304,4.2666666666666675,1.1025980706441127,-0.4848717543844
0.6060606060606061,4.2666666666666675,1.1055848120277594,-0.5236986835353733
0.9090909090909092,4.2666666666666675,1.1078537551360632,-0.588379057981802
1.2121212121212122,4.2666666666666675,1.1086099899033568,-0.6876467249976275
1.5151515151515151,4.2666666666666675,1.1063319291632059,-0.8308076493565564
1.8181818181818183,4.2666666666666675,1.0979955042561047,-1.0265026173629124
2.121212121212121,4.2666666666666675,1.0773714686593963,-1.2752769948011509
2.4242424242424243,4.2666666666666675,1.0317370246719184,-1.5340792249186617
2.7272727272727275,4.2666666666666675,0.9411557110989452,-1.5726998758915902
3.0303030303030303,4.2666666666666675,0.8226646899670553,-0.6959978644032008
3.3333333333333335,4.2666666666666675,0.836284471777785,1.2054772706319221
3.6363636363636367,4.2666666666666675,1.00306866410026,2.253452364397821
3.9393939393939394,4.2666666666666675,1.1552700162109304,2.2953153159024637
4.242424242424242,4.2666666666666675,1.26440770750659,2.0673065088762184
4.545454545454546,4.2666666666666675,1.3516810761152498,1.8377628280841931
4.848484848484849,4.2666666666666675,1.4320952593469696,1.655487589433391
5.151515151515151,4.2666666666666675,1.513127338510476,1.5156540502708444
5.454545454545455,4.2666666666666675,1.5975856153458552,1.4025519880631232
5.757575757575758,4.2666666666666675,1.6846167199765376,1.2992445640462833
6.0606060606060606,4.2666666666666675,1.7696254169408638,1.1904259509711839
6.363636363636364,4.2666666666666675,1.8442781916479594,1.0647373173384198
6.666666666666667,4.2666666666666675,1.8978511338606954,0.9174519452747025
6.96969696969697,4.2666666666666675,1.9206217433153763,0.7521761331694676
7.272727272727273,4.2666666666666675,1.908171700404064,0.5795143047556259
7.575757575757576,4.2666666666666675,1.8637115854511443,0.41247632985098204
7.878787878787879,4.2666666666666675,1.7965181139539164,0.26140993082380043
8.181818181818182,4.2666666666666675,1.7178334541923472,0.1316489847548764
8.484848484848484,4.2666666666666675,1.6372199488859636,0.024331607641498332
8.787878787878789,4.2666666666666675,1.5609922258067388,-0.06146120958235074
9.090909090909092,4.2666666666666675,1.4923910252809758,-0.12700171649056774
9.393939393939394,4.2666666666666675,1.4324830825655674,-0.17321051108853608
9.696969696969697,4.2666666666666675,1.3810719539719827,-0.20071259493515475
10.0,4.2666666666666675,1.337355499475234,-0.21023517491573745
0.0,4.571428571428572,1.0002444466204743,-0.4612190379144671
0.30303030303030304,4.571428571428572,0.99000261492424,-0.48012629646031413
0.6060606060606061,4.571428571428572,0.9747582588165083,-0.5155495161387527
0.9090909090909092,4.571428571428572,0.9517724149011757,-0.5747065095571862
1.2121212121212122,4.571428571428572,0.9164278225897463,-0.6647321776523298
1.5151515151515151,4.571428571428572,0.8606362993181608,-0.791840355004787
1.8181818181818183,4.571428571428572,0.7697185097942394,-0.9584875211241457
2.121212121212121,4.571428571428572,0.6166567894963557,-1.153023707285436
2.4242424242424243,4.571428571428572,0.35529891139434777,-1.313532057150478
2.7272727272727275,4.571428571428572,-0.06020152666150638,-1.2251218104097095
3.0303030303030303,4.571428571428572,-0.5097418672826584,-0.4456721711761348
3.3333333333333335,4.571428571428572,-0.5213204248618011,0.9502409209806129
3.6363636363636367,4.571428571428572,-0.04265799766575762,1.8421216180750166
3.9393939393939394,4.571428571428572,0.4446613518541636,2.0026244917973104
4.242424242424242,4.571428571428572,0.7802430407864227,1.875163338399003
4.545454545454546,4.571428571428572,1.0044719402468298,1.6991200927878143
4.848484848484849,4.571428571428572,1.1662923374892942,1.542500815196287
5.151515151515151,4.571428571428572,1.2946452063971776,1.4144437116547546
5.454545454545455,4.571428571428572,1.4042338630032594,1.3073780776860462
5.757575757575758,4.571428571428572,1.501170897400285,1.2098125805844764
6.0606060606060606,4.571428571428572,1.586026309168766,1.1106978978565492
6.363636363636364,4.571428571428572,1.6556914629178696,1.0017224693818565
6.666666666666667,4.571428571428572,1.7052435695287502,0.8789571864100769
6.96969696969697,4.571428571428572,1.7302539222462545,0.7435653228265965
7.272727272727273,4.571428571428572,1.7290525077926655,0.600981722903448
7.575757575757576,4.571428571428572,1.7038809964364727,0.4586911308552951
7.878787878787879,4.571428571428572,1.6602983228436705,0.3237366742034976
8.181818181818182,4.571428571428572,1.6053414843764409,0.20122241032131732
8.484848484848484,4.571428571428572,1.5456158115230898,0.09417614407005637
8.787878787878789,4.571428571428572,1.4861576545717128,0.004214898815423029
9.090909090909092,4.571428571428572,1.4301751208096163,-0.06773753042928482
9.393939393939394,4.571428571428572,1.3793320482982363,-0.12108369210257308
9.696969696969697,4.571428571428572,1.3342100200239357,-0.15555819413463073
10.0,4.571428571428572,1.2947327534354396,-0.17144653034214147
0.0,4.876190476190477,0.9013619929912869,-0.4474616572581508
0.30303030303030304,4.876190476190477,0.8793674486459107,-0.4606972494226383
0.6060606060606061,4.876190476190477,0.8487961408486552,-0.4876751774153812
0.9090909090909092,4.876190476190477,0.8055325646631847,-0.5339221850185809
1.2121212121212122,4.876190476190477,0.7430450343251408,-0.6036357415862801
1.5151515151515151,4.876190476190477,0.6508062135407147,-0.6978461307478054
1.8181818181818183,4.876190476190477,0.5119370265919374,-0.810046057695951
2.121212121212121,4.876190476190477,0.30111405264565283,-0.9152123922644171
2.4242424242424243,4.876190476190477,-0.010064867045089687,-0.9447963733229235
2.7272727272727275,4.876190476190477,-0.4132482511791129,-0.7521850080212228
3.0303030303030303,4.876190476190477,-0.7575869684566364,-0.1688400067184045
3.3333333333333335,4.876190476190477,-0.7581160936006449,0.6776524216554969
3.6363636363636367,4.876190476190477,-0.3888264705179035,1.3162653083679308
3.9393939393939394,4.876190476190477,0.0720277036090125,1.5618201371640217
4.242424242424242,4.876190476190477,0.4507387520016193,1.5659754603562548
4.545454545454546,4.876190476190477,0.7289394318963696,1.4812405179133452
4.848484848484849,4.876190476190477,0.9339831355160573,1.3792782767064145
5.151515151515151,4.876190476190477,1.091698153165593,1.2836217492110187
5.454545454545455,4.876190476190477,1.2186549299751055,1.1972974973515653
5.757575757575758,4.876190476190477,1.3237639219409219,1.1157194415055716
6.0606060606060606,4.876190476190477,1.410648369708607,1.0323623549903063
6.363636363636364,4.876190476190477,1.4795724052589514,0.9415995462848686
6.666666666666667,4.876190476190477,1.5291388666222128,0.8402854045526799
6.96969696969697,4.876190476190477,1.5579136006293843,0.7284025185987972
7.272727272727273,4.876190476190477,1.5657788105823607,0.6087620074076825
7.575757575757576,4.876190476190477,1.5546211301022446,0.48595228946812774
7.878787878787879,4.876190476190477,1.5281446120006028,0.3650586728052595
8.181818181818182,4.876190476190477,1.4910267173732845,0.25071236510135964
8.484848484848484,4.876190476190477,1.4479178466832592,0.14670387468743473
8.787878787878789,4.876190476190477,1.4027123341974708,0.05601525147692388
9.090909090909092,4.876190476190477,1.3582394192199427,-0.019026019996337074
9.393939393939394,4.876190476190477,1.316291082606285,-0.07668520755652447
9.696969696969697,4.876190476190477,1.2778247415184698,-0.11590568705973617
10.0,4.876190476190477,1.2432082301374736,-0.13648558429228408
0.0,5.180952380952381,0.8068343212876518,-0.42440373784544094
0.30303030303030304,5.180952380952381,0.7758926597811525,-0.42952153193513926
0.6060606060606061,5.180952380952381,0.7344170171798658,-0.44487722712026323
0.9090909090909092,5.180952380952381,0.6780667720373675,-0.4741869241801515
1.2121212121212122,5.180952380952381,0.6005117955428232,-0.518838198202092
1.5151515151515151,5.180952380952381,0.49271688474799114,-0.5757030216214223
1.8181818181818183,5.180952380952381,0.34270025733200093,-0.6330886986780441
2.121212121212121,5.180952380952381,0.13788340711718752,-0.6635448311754942
2.4242424242424243,5.180952380952381,-0.12415065665794753,-0.6145347202367369
2.7272727272727275,5.180952380952381,-0.40788767993786645,-0.41099655185480843
3.0303030303030303,5.180952380952381,-0.6087530641862939,-0.008917005236406483
3.3333333333333335,5.180952380952381,-0.5989609354757133,0.5037718309683907
3.6363636363636367,5.180952380952381,-0.36835472647145445,0.9334791409466501
3.9393939393939394,5.180952380952381,-0.03771768714188228,1.1721405885773624
4.242424242424242,5.180952380952381,0.28088412833255383,1.2505179501332842
4.545454545454546,5.180952380952381,0.5449490427620827,1.2407386534320477
4.848484848484849,5.180952380952381,0.754024245957051,1.1945343576182545
5.151515151515151,5.180952380952381,0.9196794147688092,1.1374495395859272
5.454545454545455,5.180952380952381,1.0529968052959853,1.0784495253772248
5.757575757575758,5.180952380952381,1.1615450124896354,1.0181165468560567
6.0606060606060606,5.180952380952381,1.2495186349941956,0.9536104504294461
6.363636363636364,5.180952380952381,1.318682291104659,0.8815343752995113
6.666666666666667,5.180952380952381,1.3694675093087085,0.7995762362467057
6.96969696969697,5.180952380952381,1.4020259796607433,0.7072967351697381
7.272727272727273,5.180952380952381,1.4170698727255922,0.6062208971677853
7.575757575757576,5.180952380952381,1.4163199164164597,0.49941660875564375
7.878787878787879,5.180952380952381,1.402483865179816,0.3908383319450267
8.181818181818182,5.180952380952381,1.3788678743901557,0.28471553786717274
8.484848484848484,5.180952380952381,1.348849791720343,0.18513734757136524
8.787878787878789,5.180952380952381,1.3154343847180558,0.09582235331695521
9.090909090909092,5.180952380952381,1.2810027032902938,0.01997396515947014
9.393939393939394,5.180952380952381,1.2472537993440294,-0.039868839139563794
9.696969696969697,5.180952380952381,1.2152755246375233,-0.08201535453653971
10.0,5.180952380952381,1.1856735017959155,-0.10581565663551235
0.0,5.485714285714286,0.7199013184427256,-0.3945268443982899
0.30303030303030304,5.485714285714286,0.6832058843486406,-0.3903603698968211
0.6060606060606061,5.485714285714286,0.6355888231303954,-0.39299023568782493
0.9090909090909092,5.485714285714286,0.573352341096051,-0.40475614229111045
1.2121212121212122,5.485714285714286,0.49167636559863725,-0.42528303940932377
1.5151515151515151,5.485714285714286,0.384757204264249,-0.4496423172303582
1.8181818181818183,5.485714285714286,0.24694183995035246,-0.4657732613628895
2.121212121212121,5.485714285714286,0.07633149363593422,-0.4515926507261439
2.4242424242424243,5.485714285714286,-0.11709455904043767,-0.3746341221096769
2.7272727272727275,5.485714285714286,-0.2997005453573107,-0.20198195596709906
3.0303030303030303,5.485714285714286,-0.41173410561435253,0.07178472508099762
3.3333333333333335,5.485714285714286,-0.39703015442665535,0.39641663573841324
3.6363636363636367,5.485714285714286,-0.2515050225329042,0.6861557599435318
3.9393939393939394,5.485714285714286,-0.027163931680192377,0.8828858448043968
4.242424242424242,5.485714285714286,0.21444763504090686,0.9839906048164745
4.545454545454546,5.485714285714286,0.43619657180199084,1.0176231219642873
4.848484848484849,5.485714285714286,0.6255800719668954,1.013289452107859
5.151515151515151,5.485714285714286,0.7829587487722673,0.9904092437418217
5.454545454545455,5.485714285714286,0.9127540864587833,0.9584469602460126
5.757575757575758,5.485714285714286,1.0193980981312118,0.9202326561454883
6.0606060606060606,5.485714285714286,1.1060750519609397,0.8750948110928336
6.363636363636364,5.485714285714286,1.1746993594733108,0.8211361285338507
6.666666666666667,5.485714285714286,1.226362678673719,0.7567243136956969
6.96969696969697,5.485714285714286,1.261898553405199,0.6813405427702153
7.272727272727273,5.485714285714286,1.2823679128317438,0.5959009080035268
7.575757575757576,5.485714285714286,1.289339555826479,0.5026789628127614
7.878787878787879,5.485714285714286,1.2849180854477353,0.4049881932132485
8.181818181818182,5.485714285714286,1.2715632559439727,0.3067798609024649
8.484848484848484,5.485714285714286,1.251808845378574,0.21225909186775901
8.787878787878789,5.485714285714286,1.2279956201281572,0.12555166757427133
9.090909090909092,5.485714285714286,1.2020913620994584,0.05040749480913159
9.393939393939394,5.485714285714286,1.1756162881640695,-0.010079798130406215
9.696969696969697,5.485714285714286,1.1496536079044875,-0.05373749770467737
10.0,5.485714285714286,1.1249107629164716,-0.07953891211629316
0.0,5.790476190476191,0.6427756676390048,-0.3604528110758838
0.30303030303030304,5.790476190476191,0.6033304213887429,-0.3469794572498924
0.6060606060606061,5.790476190476191,0.5537462378549404,-0.3374612300037777
0.9090909090909092,5.790476190476191,0.4913638818071062,-0.3334955933719537
1.2121212121212122,5.790476190476191,0.4132107825600497,-0.33410233059645567
1.5151515151515151,5.790476190476191,0.31657076332469725,-0.3344920013236642
1.8181818181818183,5.790476190476191,0.20040235164398273,-0.32488369002038403
2.121212121212121,5.790476190476191,0.0681580343834241,-0.29015085924793693
2.4242424242424243,5.790476190476191,-0.06798401802477261,-0.21216319173122022
2.7272727272727275,5.790476190476191,-0.18377615161416752,-0.07738015613956195
3.0303030303030303,5.790476190476191,-0.24647780811728265,0.11087122301350164
3.3333333333333335,5.790476190476191,-0.2299972244258333,0.325092037309795
3.6363636363636367,5.790476190476191,-0.13256835944081102,0.5242729845340433
3.9393939393939394,5.790476190476191,0.021904195967377638,0.6771787584869036
4.242424242424242,5.790476190476191,0.20043020838606962,0.7754697700502864
4.545454545454546,5.790476190476191,0.3771596334273793,0.8282565929421724
4.848484848484849,5.790476190476191,0.5382007605039758,0.8500470006444099
5.151515151515151,5.790476190476191,0.6786803185414874,0.8528460309161998
5.454545454545455,5.790476190476191,0.7984034357446217,0.8437670509353307
5.757575757575758,5.790476190476191,0.8988577332091878,0.8256349376072389
6.0606060606060606,5.790476190476191,0.9817285157417437,0.7985151583715929
6.363636363636364,5.790476190476191,1.048392228035496,0.7612245095779773
6.666666666666667,5.790476190476191,1.099916764005568,0.7125143698208914
6.96969696969697,5.790476190476191,1.1372684275594511,0.6518603330864631
7.272727272727273,5.790476190476191,1.16154360659958,0.5798759733494474
7.575757575757576,5.790476190476191,1.174118674967755,0.49840981492379494
7.878787878787879,5.790476190476191,1.176673836022899,0.4104105739678856
8.181818181818182,5.790476190476191,1.171102364712024,0.3196508087967248
8.484848484848484,5.790476190476191,1.1593546195622926,0.2303814555105561
8.787878787878789,5.790476190476191,1.143276010799302,0.14696163601833567
9.090909090909092,5.790476190476191,1.1244831532308337,0.07348651576789383
9.393939393939394,5.790476190476191,1.1042968398691617,0.013429419566955092
9.696969696969697,5.790476190476191,1.0837283720085673,-0.03068032636936699
10.0,5.790476190476191,1.0635039210519337,-0.057514404562070076
0.0,6.095238095238096,0.5767562140843927,-0.3245569934869731
0.30303030303030304,6.095238095238096,0.5370148411985831,-0.30256854624445195
0.6060606060606061,6.095238095238096,0.48858511300482715,-0.28251113504003134
0.9090909090909092,6.095238095238096,0.4298548489282149,-0.26579330760766595
1.2121212121212122,6.095238095238096,0.35942706779217015,-0.25163853540100767
1.5151515151515151,6.095238095238096,0.27674900202877895,-0.2363715864608867
1.8181818181818183,6.095238095238096,0.18324213197794514,-0.21307871521245905
2.121212121212121,6.095238095238096,0.08397006163747839,-0.17220307278549288
2.4242424242424243,6.095238095238096,-0.010650224114759632,-0.10388449085703699
2.7272727272727275,6.095238095238096,-0.08461268191535432,-0.002458715741349593
3.0303030303030303,6.095238095238096,-0.11973502230052918,0.1283687682572894
3.3333333333333335,6.095238095238096,-0.10302792453693888,0.2738196606168371
3.6363636363636367,6.095238095238096,-0.03368918372266466,0.4132892218681516
3.9393939393939394,6.095238095238096,0.0763865775632741,0.5297892281435621
4.242424242424242,6.095238095238096,0.2090567279837463,0.6161169873860372
4.545454545454546,6.095238095238096,0.3475359122399706,0.6741223754727833
4.848484848484849,6.095238095238096,0.4803071578255867,0.7100297228209058
5.151515151515151,6.095238095238096,0.6011886567420635,0.7301260285916156
5.454545454545455,6.095238095238096,0.7076916511184219,0.7385907755020975
5.757575757575758,6.095238095238096,0.7993295602290957,0.7371432597767802
6.0606060606060606,6.095238095238096,0.8764809035068869,0.725644402326881
6.363636363636364,6.095238095238096,0.9398070377513736,0.7030053695671552
6.666666666666667,6.095238095238096,0.9900468654625552,0.6680546408128125
6.96969696969697,6.095238095238096,1.0280125648233298,0.6202075127627977
7.272727272727273,6.095238095238096,1.0546561065482798,0.559884543921822
7.575757575757576,6.095238095238096,1.0711234948342527,0.4886817232681264
7.878787878787879,6.095238095238096,1.0787561164318746,0.4093276797360451
8.181818181818182,6.095238095238096,1.0790344729189996,0.32547843940039445
8.484848484848484,6.095238095238096,1.073484161065508,0.2414013768120335
8.787878787878789,6.095238095238096,1.0635735154792614,0.1615933349819921
9.090909090909092,6.095238095238096,1.0506282954361643,0.09037083979784286
9.393939393939394,6.095238095238096,1.0357773282976501,0.03146725374804546
9.696969696969697,6.095238095238096,1.0199310645693707,-0.012327873040604509
10.0,6.095238095238096,1.0037869185801003,-0.0394516112134384
0.0,6.4,0.5224516261031472,-0.2887452756270777
0.30303030303030304,6.4,0.48418699338477406,-0.25948221813039996
0.6060606060606061,6.4,0.43892366117691783,-0.2309168311894955
0.9090909090909092,6.4,0.3858991502026856,-0.20462773509907273
1.2121212121212122,6.4,0.32481474750683725,-0.18043619970724367
1.5151515151515151,6.4,0.256342993772928,-0.15601220474422542
1.8181818181818183,6.4,0.18285530335325326,-0.12689742307900212
2.121212121212121,6.4,0.10924201516990129,-0.08724144643752513
2.4242424242424243,6.4,0.04340203400216594,-0.03149398766195474
2.7272727272727275,6.4,-0.004345884089084401,0.043117615873303566
3.0303030303030303,6.4,-0.02357709379782555,0.13434406427665385
3.3333333333333335,6.4,-0.0073950397485029185,0.23458304725471021
3.6363636363636367,6.4,0.04456285051841913,0.3333971315317201
3.9393939393939394,6.4,0.1259088269510092,0.42160069252430676
4.242424242424242,6.4,0.22623606848476063,0.4942010577436632
4.545454545454546,6.4,0.33477571137739726,0.5506309023179987
4.848484848484849,6.4,0.44289890626875716,0.5929703422253457
5.151515151515151,6.4,0.5448769884996665,0.6238120655563371
5.454545454545455,6.4,0.6374809707041147,0.6448586195573442
5.757575757575758,6.4,0.7191961046314468,0.6564599687468831
6.0606060606060606,6.4,0.7895198847273254,0.6578291765719062
6.363636363636364,6.4,0.8484966361611745,0.6475950159286584
6.666666666666667,6.4,0.8964722317109374,0.624432068216823
6.96969696969697,6.4,0.9339962347690204,0.5876091124527687
7.272727272727273,6.4,0.9617973717441385,0.5373729418222272
7.575757575757576,6.4,0.9807767974082497,0.4751368335218261
7.878787878787879,6.4,0.9919871391478119,0.40347751768794404
8.181818181818182,6.4,0.9965871068252175,0.32596607193023414
8.484848484848484,6.4,0.9957773868972424,0.24686971829569662
8.787878787878789,6.4,0.9907313809373162,0.17076636699605865
9.090909090909092,6.4,0.9825345444412015,0.10211534508934411
9.393939393939394,6.4,0.9721413732963227,0.04482818400344904
9.696969696969697,6.4,0.9603529371747366,0.0018827506431856877
10.0,6.4,0.947812879733285,-0.024978863266140183
