project,repo_name,month,prs_opened,prs_merged,share_merged,median_hours_to_merge,median_size_lines,active_authors
moby,buildkit,2023-08-01,63,52,0.825,21.5,20,16
moby,buildkit,2023-09-01,46,37,0.804,20,29,21
moby,buildkit,2023-10-01,67,56,0.836,45.5,44,24
moby,buildkit,2023-11-01,35,26,0.743,62,30,25
moby,buildkit,2023-12-01,36,24,0.667,33.5,107.5,15
moby,buildkit,2024-01-01,64,59,0.922,7,18.5,18
moby,buildkit,2024-02-01,85,70,0.824,9,49,23
moby,buildkit,2024-03-01,53,43,0.811,19,37,14
moby,buildkit,2024-04-01,45,42,0.933,20,15,18
moby,buildkit,2024-05-01,49,42,0.857,53.5,49,20
moby,buildkit,2024-06-01,87,76,0.874,15.5,45,18
moby,buildkit,2024-07-01,66,59,0.894,18,66,17
moby,buildkit,2024-08-01,55,44,0.800,52.5,51,18
moby,buildkit,2024-09-01,66,53,0.803,24,31.5,20
moby,buildkit,2024-10-01,69,57,0.826,28,46,22
moby,buildkit,2024-11-01,52,46,0.885,24,50.5,16
moby,buildkit,2024-12-01,37,32,0.865,83,69,14
moby,buildkit,2025-01-01,49,41,0.837,15,23,12
moby,buildkit,2025-02-01,56,48,0.857,16,27,12
moby,buildkit,2025-03-01,57,45,0.789,31,31,15
moby,buildkit,2025-04-01,46,32,0.696,26.5,107.5,16
moby,buildkit,2025-05-01,35,29,0.829,9,28,12
moby,buildkit,2025-06-01,33,30,0.909,12.5,75,13
moby,buildkit,2025-07-01,34,21,0.618,160,22.5,19
moby,buildkit,2025-08-01,27,23,0.852,22,78,8
moby,buildkit,2025-09-01,59,51,0.864,23,9,18
moby,buildkit,2025-10-01,47,42,0.894,28.5,54,11
moby,buildkit,2025-11-01,51,41,0.804,36,67,16
moby,buildkit,2025-12-01,30,24,0.800,28,42.5,16
moby,buildkit,2026-01-01,43,30,0.698,9,31,14
moby,buildkit,2026-02-01,27,21,0.778,20,59,12
moby,buildkit,2026-03-01,80,58,0.725,14.5,63,14
moby,buildkit,2026-04-01,80,55,0.688,24,25.5,19
moby,buildkit,2026-05-01,73,55,0.753,36,22,22
moby,buildkit,2026-06-01,88,72,0.818,12.5,30.5,17
moby,buildkit,2026-07-01,73,58,0.795,13.5,35,17
moby,moby,2023-08-01,197,175,0.888,32,27,20
moby,moby,2023-09-01,136,114,0.838,19.5,30,21
moby,moby,2023-10-01,117,106,0.906,20,25,19
moby,moby,2023-11-01,70,63,0.900,18,26.5,18
moby,moby,2023-12-01,87,72,0.828,30,36,17
moby,moby,2024-01-01,193,170,0.881,5,31,19
moby,moby,2024-02-01,107,96,0.897,16.5,42,21
moby,moby,2024-03-01,105,89,0.848,6,22,21
moby,moby,2024-04-01,77,66,0.857,20,41,22
moby,moby,2024-05-01,57,47,0.825,77,43,16
moby,moby,2024-06-01,162,142,0.877,8.5,46,20
moby,moby,2024-07-01,114,97,0.851,15,25,15
moby,moby,2024-08-01,85,70,0.824,25.5,83,17
moby,moby,2024-09-01,110,96,0.873,9.5,11,24
moby,moby,2024-10-01,189,163,0.862,21,39,24
moby,moby,2024-11-01,145,124,0.855,7,38,19
moby,moby,2024-12-01,137,126,0.920,15,35,22
moby,moby,2025-01-01,158,150,0.949,8,33,17
moby,moby,2025-02-01,108,95,0.880,23,41.5,16
moby,moby,2025-03-01,95,80,0.842,29.5,45,14
moby,moby,2025-04-01,129,109,0.845,44,89,26
moby,moby,2025-05-01,143,115,0.804,24,33,31
moby,moby,2025-06-01,114,97,0.851,43,37,25
moby,moby,2025-07-01,240,205,0.854,17,52.5,27
moby,moby,2025-08-01,214,171,0.799,21,57,23
moby,moby,2025-09-01,156,141,0.904,12,59.5,20
moby,moby,2025-10-01,242,208,0.860,7,67.5,27
moby,moby,2025-11-01,167,151,0.904,4,38,22
moby,moby,2025-12-01,131,105,0.802,9,27,29
moby,moby,2026-01-01,145,111,0.766,12,29,24
moby,moby,2026-02-01,123,92,0.748,28.5,30,24
moby,moby,2026-03-01,126,101,0.802,19,32,30
moby,moby,2026-04-01,186,129,0.694,20,36,27
moby,moby,2026-05-01,161,100,0.621,24,32,32
moby,moby,2026-06-01,198,135,0.682,6,32,40
moby,moby,2026-07-01,225,161,0.716,19,39,34
moby,sys,2023-08-01,4,2,0.500,4637,44,3
moby,sys,2023-09-01,3,2,0.667,19,1344,1
moby,sys,2023-11-01,1,1,1.000,21,8,1
moby,sys,2024-07-01,7,6,0.857,137,102,2
moby,sys,2024-08-01,3,3,1.000,856,30,2
moby,sys,2024-09-01,14,12,0.857,121.5,40.5,2
moby,sys,2024-10-01,10,8,0.800,78.5,30,3
moby,sys,2024-11-01,1,1,1.000,111,38,1
moby,sys,2024-12-01,2,2,1.000,10,106,1
moby,sys,2025-01-01,1,1,1.000,1151,695,1
moby,sys,2025-03-01,1,0,0.000,,6,1
moby,sys,2025-04-01,5,4,0.800,64.5,37,3
moby,sys,2025-06-01,5,5,1.000,18,61,1
moby,sys,2025-08-01,4,3,0.750,23,15.5,2
moby,sys,2025-09-01,2,0,0.000,,324,2
moby,sys,2026-03-01,11,8,0.727,1115,134,3
moby,sys,2026-04-01,3,2,0.667,585,175,2
moby,sys,2026-05-01,2,2,1.000,377.5,92,2
moby,sys,2026-06-01,9,7,0.778,2,42,1
moby,sys,2026-07-01,8,6,0.750,87,18,4
pantsbuild,pants,2023-08-01,170,160,0.941,5,14.5,22
pantsbuild,pants,2023-09-01,160,146,0.913,11,26.5,22
pantsbuild,pants,2023-10-01,133,115,0.865,28,14,22
pantsbuild,pants,2023-11-01,81,76,0.938,20.5,14,21
pantsbuild,pants,2023-12-01,74,69,0.932,29,41,20
pantsbuild,pants,2024-01-01,87,74,0.851,16,32,21
pantsbuild,pants,2024-02-01,110,99,0.900,23,31.5,28
pantsbuild,pants,2024-03-01,66,62,0.939,22.5,16,22
pantsbuild,pants,2024-04-01,90,83,0.922,27,29,25
pantsbuild,pants,2024-05-01,84,71,0.845,18,30,23
pantsbuild,pants,2024-06-01,88,75,0.852,34,62,18
pantsbuild,pants,2024-07-01,86,79,0.919,48,75,17
pantsbuild,pants,2024-08-01,94,86,0.915,22.5,46,19
pantsbuild,pants,2024-09-01,62,60,0.968,25,38.5,13
pantsbuild,pants,2024-10-01,112,102,0.911,7,17.5,17
pantsbuild,pants,2024-11-01,72,66,0.917,22,51.5,14
pantsbuild,pants,2024-12-01,75,64,0.853,25.5,32,14
pantsbuild,pants,2025-01-01,80,72,0.900,18.5,53,13
pantsbuild,pants,2025-02-01,99,89,0.899,8,36,15
pantsbuild,pants,2025-03-01,107,100,0.935,4.5,32,19
pantsbuild,pants,2025-04-01,52,43,0.827,23,27,14
pantsbuild,pants,2025-05-01,131,121,0.924,2,80,16
pantsbuild,pants,2025-06-01,50,45,0.900,14,63,12
pantsbuild,pants,2025-07-01,95,82,0.863,10,34,18
pantsbuild,pants,2025-08-01,36,33,0.917,21,42.5,10
pantsbuild,pants,2025-09-01,108,98,0.907,14.5,27.5,11
pantsbuild,pants,2025-10-01,101,79,0.782,26,28,15
pantsbuild,pants,2025-11-01,68,52,0.765,11,71,14
pantsbuild,pants,2025-12-01,32,20,0.625,11,30,13
pantsbuild,pants,2026-01-01,72,51,0.708,33,62,15
pantsbuild,pants,2026-02-01,72,59,0.819,19,38,11
pantsbuild,pants,2026-03-01,45,33,0.733,20,36,14
pantsbuild,pants,2026-04-01,85,66,0.776,23.5,62,23
pantsbuild,pants,2026-05-01,74,65,0.878,12,103.5,17
pantsbuild,pants,2026-06-01,55,38,0.691,74.5,182,21
pantsbuild,pants,2026-07-01,117,85,0.726,17,117,17
pantsbuild,scie-pants,2023-08-01,23,17,0.739,18,16,4
pantsbuild,scie-pants,2023-09-01,28,26,0.929,26.5,8.5,5
pantsbuild,scie-pants,2023-10-01,17,12,0.706,85,8,2
pantsbuild,scie-pants,2023-11-01,12,7,0.583,66,6,2
pantsbuild,scie-pants,2023-12-01,9,5,0.556,918,16,3
pantsbuild,scie-pants,2024-01-01,9,3,0.333,108,29,3
pantsbuild,scie-pants,2024-02-01,12,9,0.750,59,15,2
pantsbuild,scie-pants,2024-03-01,13,8,0.615,87.5,13,2
pantsbuild,scie-pants,2024-04-01,8,6,0.750,43,21,2
pantsbuild,scie-pants,2024-05-01,5,5,1.000,5,6,1
pantsbuild,scie-pants,2024-06-01,8,0,0.000,,12,2
pantsbuild,scie-pants,2024-07-01,5,1,0.200,422,26,2
pantsbuild,scie-pants,2024-08-01,4,0,0.000,,28,1
pantsbuild,scie-pants,2024-11-01,6,4,0.667,108,59.5,2
pantsbuild,scie-pants,2024-12-01,12,6,0.500,22.5,8,2
pantsbuild,scie-pants,2025-01-01,5,3,0.600,46,26,1
pantsbuild,scie-pants,2025-04-01,2,0,0.000,,11,1
pantsbuild,scie-pants,2025-05-01,9,4,0.444,2.5,100,2
pantsbuild,scie-pants,2025-06-01,8,2,0.250,9.5,48,2
pantsbuild,scie-pants,2025-07-01,3,3,1.000,2,10,1
pantsbuild,scie-pants,2025-08-01,1,0,0.000,,323,1
pantsbuild,scie-pants,2025-09-01,2,0,0.000,,323,1
pantsbuild,scie-pants,2025-10-01,1,0,0.000,,13,1
pantsbuild,scie-pants,2025-11-01,5,3,0.600,153,12,3
pantsbuild,scie-pants,2025-12-01,4,0,0.000,,30,1
pantsbuild,scie-pants,2026-01-01,1,0,0.000,,74,1
pantsbuild,scie-pants,2026-02-01,4,3,0.750,475,76.5,2
pantsbuild,scie-pants,2026-03-01,12,7,0.583,2,18,4
pantsbuild,scie-pants,2026-04-01,9,5,0.556,8,50,2
pantsbuild,scie-pants,2026-05-01,3,1,0.333,0,32,2
pantsbuild,scie-pants,2026-06-01,4,0,0.000,,95,1
pantsbuild,scie-pants,2026-07-01,2,1,0.500,1132,127,2
pytorch,executorch,2023-08-01,164,3,0.018,0,69,25
pytorch,executorch,2023-09-01,357,1,0.003,0,51,41
pytorch,executorch,2023-10-01,534,33,0.062,1,32,47
pytorch,executorch,2023-11-01,173,1,0.006,0,33,41
pytorch,executorch,2023-12-01,154,0,0.000,,68.5,37
pytorch,executorch,2024-01-01,273,0,0.000,,52,42
pytorch,executorch,2024-02-01,377,3,0.008,120,61,49
pytorch,executorch,2024-03-01,565,6,0.011,8,41,65
pytorch,executorch,2024-04-01,617,107,0.173,4,30,70
pytorch,executorch,2024-05-01,290,10,0.034,49.5,39.5,66
pytorch,executorch,2024-06-01,254,25,0.098,1,34.5,56
pytorch,executorch,2024-07-01,378,44,0.116,8,50,64
pytorch,executorch,2024-08-01,484,345,0.713,26,64,73
pytorch,executorch,2024-09-01,712,202,0.284,6,44,80
pytorch,executorch,2024-10-01,764,283,0.370,9,30.5,87
pytorch,executorch,2024-11-01,461,353,0.766,15,39,84
pytorch,executorch,2024-12-01,281,211,0.751,27,33,71
pytorch,executorch,2025-01-01,561,466,0.831,22,30,74
pytorch,executorch,2025-02-01,525,429,0.817,16,44,89
pytorch,executorch,2025-03-01,744,631,0.848,15,41,92
pytorch,executorch,2025-04-01,690,585,0.848,9,33.5,96
pytorch,executorch,2025-05-01,576,486,0.844,17,41,92
pytorch,executorch,2025-06-01,682,525,0.770,15,102,88
pytorch,executorch,2025-07-01,754,620,0.822,24,53,100
pytorch,executorch,2025-08-01,661,521,0.788,27,75,90
pytorch,executorch,2025-09-01,776,656,0.845,23,70,91
pytorch,executorch,2025-10-01,712,598,0.840,19,52,86
pytorch,executorch,2025-11-01,452,365,0.808,28,58,87
pytorch,executorch,2025-12-01,325,252,0.775,25,64,83
pytorch,executorch,2026-01-01,581,438,0.754,20,99,82
pytorch,executorch,2026-02-01,614,465,0.757,20,100,92
pytorch,executorch,2026-03-01,785,546,0.696,20,111,112
pytorch,executorch,2026-04-01,541,377,0.697,46,84,121
pytorch,executorch,2026-05-01,602,445,0.739,21,66,110
pytorch,executorch,2026-06-01,682,512,0.751,26,172.5,101
pytorch,executorch,2026-07-01,867,742,0.856,23,265,89
pytorch,FBGEMM,2023-08-01,76,0,0.000,,32,29
pytorch,FBGEMM,2023-09-01,66,0,0.000,,38.5,19
pytorch,FBGEMM,2023-10-01,47,0,0.000,,90,16
pytorch,FBGEMM,2023-11-01,78,0,0.000,,36.5,24
pytorch,FBGEMM,2023-12-01,52,0,0.000,,71,17
pytorch,FBGEMM,2024-01-01,61,0,0.000,,47,19
pytorch,FBGEMM,2024-02-01,68,0,0.000,,66,27
pytorch,FBGEMM,2024-03-01,94,0,0.000,,85.5,26
pytorch,FBGEMM,2024-04-01,79,0,0.000,,44,24
pytorch,FBGEMM,2024-05-01,109,0,0.000,,60,34
pytorch,FBGEMM,2024-06-01,130,0,0.000,,51,40
pytorch,FBGEMM,2024-07-01,120,0,0.000,,72,31
pytorch,FBGEMM,2024-08-01,128,0,0.000,,84,32
pytorch,FBGEMM,2024-09-01,133,0,0.000,,54,34
pytorch,FBGEMM,2024-10-01,107,0,0.000,,60,38
pytorch,FBGEMM,2024-11-01,114,0,0.000,,69,36
pytorch,FBGEMM,2024-12-01,106,0,0.000,,78,35
pytorch,FBGEMM,2025-01-01,112,0,0.000,,90.5,33
pytorch,FBGEMM,2025-02-01,99,0,0.000,,104,28
pytorch,FBGEMM,2025-03-01,148,2,0.014,26,63.5,38
pytorch,FBGEMM,2025-04-01,153,0,0.000,,75,36
pytorch,FBGEMM,2025-05-01,162,0,0.000,,92,39
pytorch,FBGEMM,2025-06-01,186,0,0.000,,84,52
pytorch,FBGEMM,2025-07-01,200,0,0.000,,92.5,43
pytorch,FBGEMM,2025-08-01,171,0,0.000,,64,45
pytorch,FBGEMM,2025-09-01,153,0,0.000,,69,44
pytorch,FBGEMM,2025-10-01,114,3,0.026,0,60,45
pytorch,FBGEMM,2025-11-01,94,0,0.000,,44.5,38
pytorch,FBGEMM,2025-12-01,104,0,0.000,,94.5,33
pytorch,FBGEMM,2026-01-01,78,0,0.000,,74.5,20
pytorch,FBGEMM,2026-02-01,80,0,0.000,,105,25
pytorch,FBGEMM,2026-03-01,120,0,0.000,,86.5,29
pytorch,FBGEMM,2026-04-01,155,0,0.000,,74,29
pytorch,FBGEMM,2026-05-01,83,0,0.000,,70,25
pytorch,FBGEMM,2026-06-01,163,0,0.000,,85,24
pytorch,FBGEMM,2026-07-01,129,0,0.000,,95,25
pytorch,pytorch,2023-08-01,1382,25,0.018,57,39,300
pytorch,pytorch,2023-09-01,1314,47,0.036,3,32,291
pytorch,pytorch,2023-10-01,1503,44,0.029,16,38,275
pytorch,pytorch,2023-11-01,1463,21,0.014,20,36,283
pytorch,pytorch,2023-12-01,1157,39,0.034,15,40,249
pytorch,pytorch,2024-01-01,1509,9,0.006,7,31,267
pytorch,pytorch,2024-02-01,1455,32,0.022,20,32,339
pytorch,pytorch,2024-03-01,1422,37,0.026,33,35,296
pytorch,pytorch,2024-04-01,1476,24,0.016,7,34,321
pytorch,pytorch,2024-05-01,1652,34,0.021,18.5,36,327
pytorch,pytorch,2024-06-01,1549,57,0.037,25,39,325
pytorch,pytorch,2024-07-01,1670,13,0.008,23,38,316
pytorch,pytorch,2024-08-01,1753,44,0.025,18.5,35,340
pytorch,pytorch,2024-09-01,1293,50,0.039,40,28,312
pytorch,pytorch,2024-10-01,1719,30,0.017,2,33,323
pytorch,pytorch,2024-11-01,1465,4,0.003,25.5,36,310
pytorch,pytorch,2024-12-01,1261,26,0.021,21.5,34,278
pytorch,pytorch,2025-01-01,1503,38,0.025,13,29,317
pytorch,pytorch,2025-02-01,1343,3,0.002,24,35,326
pytorch,pytorch,2025-03-01,1436,51,0.036,34,27.5,342
pytorch,pytorch,2025-04-01,1424,24,0.017,4,35,332
pytorch,pytorch,2025-05-01,1469,45,0.031,24,29,327
pytorch,pytorch,2025-06-01,1775,17,0.010,164,42,364
pytorch,pytorch,2025-07-01,1655,53,0.032,26,36,326
pytorch,pytorch,2025-08-01,1639,4,0.002,15.5,41,356
pytorch,pytorch,2025-09-01,1809,78,0.043,13,36,358
pytorch,pytorch,2025-10-01,1897,35,0.018,3,53,363
pytorch,pytorch,2025-11-01,1473,28,0.019,21,46,371
pytorch,pytorch,2025-12-01,1806,34,0.019,41.5,38,395
pytorch,pytorch,2026-01-01,1895,31,0.016,15,46,396
pytorch,pytorch,2026-02-01,1683,27,0.016,2,57,398
pytorch,pytorch,2026-03-01,2288,26,0.011,6,63,481
pytorch,pytorch,2026-04-01,2346,64,0.027,26,49,469
pytorch,pytorch,2026-05-01,3003,10,0.003,26.5,71,493
pytorch,pytorch,2026-06-01,2319,42,0.018,1,67,442
pytorch,pytorch,2026-07-01,2559,4,0.002,266,53,514
