project,repo_name,prs_in_window,first_month,last_month,ok_not_gone,ok_not_archived,ok_volume,ok_existed,ok_runs_late,activity_rank,selected
moby,moby,5149,2023-08-01,2026-07-01,t,t,t,t,t,1,t
moby,buildkit,1963,2023-08-01,2026-07-01,t,t,t,t,t,2,t
moby,buildkit-bench,482,2024-08-01,2026-07-01,t,t,t,f,t,3,f
moby,sys,96,2023-08-01,2026-07-01,t,t,t,t,t,4,t
moby,swarmkit,96,2023-08-01,2026-07-01,t,t,t,t,t,5,f
moby,go-archive,92,2025-04-01,2026-07-01,t,t,t,f,t,6,f
moby,vpnkit,41,2023-10-01,2026-06-01,t,t,t,t,t,7,f
moby,profiles,35,2025-07-01,2026-07-01,t,t,t,f,t,8,f
moby,policy-helpers,32,2025-10-01,2026-07-01,t,t,t,f,t,9,f
moby,spdystream,15,2024-01-01,2026-06-01,t,t,f,t,t,10,f
moby,term,11,2025-01-01,2026-04-01,t,t,f,t,f,11,f
moby,patternmatcher,7,2024-08-01,2026-03-01,t,t,f,t,f,12,f
moby,locker,4,2025-01-01,2025-05-01,t,t,f,t,f,13,f
moby,pubsub,3,2026-03-01,2026-03-01,t,t,f,t,f,14,f
moby,libnetwork,2,2023-10-01,2025-04-01,t,t,f,t,f,15,f
moby,mobywebsite,2,2023-11-01,2023-11-01,t,t,f,t,f,16,f
moby,ipvs,1,2024-02-01,2024-02-01,t,t,f,t,f,17,f
moby,containerd,1,2026-05-01,2026-05-01,t,t,f,t,f,18,f
moby,busybox,1,2024-03-01,2024-03-01,t,t,f,t,f,19,f
moby,docker-image-spec,1,2024-02-01,2024-02-01,t,t,f,f,f,20,f
moby,octoguard,0,,,t,f,f,t,,21,f
moby,extensions,0,,,t,t,f,f,,22,f
moby,flaky-ci-reports,0,,,t,t,f,f,,23,f
moby,go-swagger,0,,,t,t,f,t,,24,f
moby,qemu,0,,,t,t,f,t,,25,f
moby,tsc,0,,,t,t,f,t,,26,f
moby,libentitlement,0,,,t,f,f,t,,27,f
moby,tool,0,,,t,f,f,t,,28,f
moby,datakit.logs,0,,,t,f,f,t,,29,f
moby,hyperkit,0,,,t,t,f,t,,30,f
moby,datakit,0,,,t,f,f,t,,31,f
moby,docker-tdmgcc,0,,,t,t,f,t,,32,f
moby,docker-ci-zap,0,,,t,t,f,t,,33,f
moby,docker-signal,0,,,t,t,f,t,,34,f
pantsbuild,pants,3123,2023-08-01,2026-07-01,t,t,t,t,t,1,t
pantsbuild,pantsbuild.org,436,2023-12-01,2026-07-01,t,t,t,f,t,2,f
pantsbuild,scie-pants,246,2023-08-01,2026-07-01,t,t,t,t,t,3,t
pantsbuild,example-python,25,2023-08-01,2026-04-01,t,t,t,t,f,4,f
pantsbuild,actions,21,2023-08-01,2026-07-01,t,t,f,t,t,5,f
pantsbuild,example-docker,20,2023-09-01,2026-02-01,t,t,f,t,f,6,f
pantsbuild,example-golang,16,2023-09-01,2026-02-01,t,t,f,t,f,7,f
pantsbuild,example-jvm,15,2023-09-01,2026-02-01,t,t,f,t,f,8,f
pantsbuild,example-javascript,15,2023-09-01,2026-02-01,t,t,f,t,f,9,f
pantsbuild,example-django,14,2023-09-01,2026-02-01,t,t,f,t,f,10,f
pantsbuild,example-kotlin,14,2023-09-01,2026-02-01,t,t,f,t,f,11,f
pantsbuild,example-adhoc,14,2023-08-01,2026-02-01,t,t,f,t,f,12,f
pantsbuild,example-codegen,14,2023-09-01,2026-02-01,t,t,f,t,f,13,f
pantsbuild,example-visibility,14,2023-09-01,2026-03-01,t,t,f,t,f,14,f
pantsbuild,example-serverless,12,2023-12-01,2026-02-01,t,t,f,f,f,15,f
pantsbuild,setup,6,2023-11-01,2026-04-01,t,t,f,t,f,16,f
pantsbuild,homebrew-tap,6,2025-11-01,2026-06-01,t,t,f,t,t,17,f
pantsbuild,wheels.pantsbuild.org,5,2024-12-01,2025-02-01,t,t,f,f,f,18,f
pantsbuild,example-workspace-execution,5,2024-11-01,2026-02-01,t,t,f,f,f,19,f
pantsbuild,v2.pantsbuild.org,1,2026-02-01,2026-02-01,t,t,f,f,f,20,f
pantsbuild,issues-1779,0,,,t,f,f,t,,21,f
pantsbuild,vim-pants,0,,,t,f,f,t,,22,f
pantsbuild,pantsbuild.github.io,0,,,t,f,f,t,,23,f
pantsbuild,ivy,0,,,t,f,f,t,,24,f
pantsbuild,jmake,0,,,t,f,f,t,,25,f
pantsbuild,binaries,0,,,t,t,f,t,,26,f
pantsbuild,intellij-pants-plugin,0,,,t,t,f,t,,27,f
pantsbuild,thrift-0.5.0-finagle,0,,,t,f,f,t,,28,f
pantsbuild,maven-repo,0,,,t,f,f,t,,29,f
pantsbuild,zincutils,0,,,t,f,f,t,,30,f
pantsbuild,jarjar,0,,,t,f,f,t,,31,f
pantsbuild,indexed-classloader,0,,,t,f,f,t,,32,f
pantsbuild,issues-1751,0,,,t,f,f,t,,33,f
pantsbuild,issues-2566,0,,,t,f,f,t,,34,f
pantsbuild,node-preinstalled-modules,0,,,t,f,f,t,,35,f
pantsbuild,issues-3174,0,,,t,f,f,t,,36,f
pantsbuild,issues-3417,0,,,t,f,f,t,,37,f
pantsbuild,rust-www,0,,,t,f,f,t,,38,f
pantsbuild,grpc-rs,0,,,t,f,f,t,,39,f
pantsbuild,lmdb-rs,0,,,t,t,f,t,,40,f
pantsbuild,reqwest,0,,,t,f,f,t,,41,f
pantsbuild,futures-timer,0,,,t,f,f,t,,42,f
pantsbuild,codegen,0,,,t,f,f,t,,43,f
pantsbuild,tokio-connect,0,,,t,f,f,t,,44,f
pantsbuild,tower-grpc,0,,,t,f,f,t,,45,f
pantsbuild,tower-h2,0,,,t,f,f,t,,46,f
pantsbuild,tower-http,0,,,t,f,f,t,,47,f
pantsbuild,tower,0,,,t,f,f,t,,48,f
pantsbuild,rustls,0,,,t,f,f,t,,49,f
pantsbuild,rust-protobuf,0,,,t,f,f,t,,50,f
pantsbuild,rbe-token-server,0,,,t,f,f,t,,51,f
pantsbuild,grpc,0,,,t,f,f,t,,52,f
pantsbuild,flake8-pantsbuild,0,,,t,f,f,t,,53,f
pantsbuild,issues-9177,0,,,t,f,f,t,,54,f
pantsbuild,example-plugin,0,,,t,f,f,t,,55,f
pantsbuild,notify,0,,,t,t,f,t,,56,f
pantsbuild,pants-jupyter-plugin,0,,,t,t,f,t,,57,f
pantsbuild,console,0,,,t,f,f,t,,58,f
pantsbuild,rust-cpython,0,,,t,f,f,t,,59,f
pantsbuild,cargo-ensure-prefix,0,,,t,f,f,t,,60,f
pantsbuild,requirements-perf,0,,,t,t,f,t,,61,f
pantsbuild,logo,0,,,t,t,f,t,,62,f
pantsbuild,ripgrep,0,,,t,t,f,t,,63,f
pantsbuild,blog.pantsbuild.org,0,,,t,t,f,f,,64,f
pantsbuild,tree-sitter-dockerfile,0,,,t,t,f,f,,65,f
pytorch,pytorch,60365,2023-08-01,2026-07-01,t,t,t,t,t,1,t
pytorch,executorch,18968,2023-08-01,2026-07-01,t,t,t,t,t,2,t
pytorch,FBGEMM,4072,2023-08-01,2026-07-01,t,t,t,t,t,3,t
pytorch,ao,3795,2023-11-01,2026-07-01,t,t,t,f,t,4,f
pytorch,test-infra,3456,2023-08-01,2026-07-01,t,t,t,t,t,5,f
pytorch,torchtitan,3255,2024-01-01,2026-07-01,t,t,t,f,t,6,f
pytorch,xla,2984,2023-08-01,2026-05-01,t,t,t,t,f,7,f
pytorch,helion,2930,2025-04-01,2026-07-01,t,t,t,f,t,8,f
pytorch,rl,2085,2023-08-01,2026-07-01,t,t,t,t,t,9,f
pytorch,TensorRT,1424,2023-08-01,2026-07-01,t,t,t,t,t,10,f
pytorch,torchchat,1180,2024-03-01,2025-09-01,t,f,t,t,f,11,f
pytorch,vision,1082,2023-08-01,2026-07-01,t,t,t,t,t,12,f
pytorch,tensordict,1079,2023-08-01,2026-07-01,t,t,t,t,t,13,f
pytorch,tutorials,1072,2023-08-01,2026-07-01,t,t,t,t,t,14,f
pytorch,ci-infra,781,2023-08-01,2026-07-01,t,t,t,t,t,15,f
pytorch,pytorch.github.io,615,2023-08-01,2026-07-01,t,t,t,t,t,16,f
pytorch,kineto,612,2023-08-01,2026-07-01,t,t,t,t,t,17,f
pytorch,serve,602,2023-08-01,2025-08-01,t,f,t,t,f,18,f
pytorch,ignite,580,2023-08-01,2026-07-01,t,t,t,t,t,19,f
pytorch,benchmark,574,2023-08-01,2026-07-01,t,t,t,t,t,20,f
pytorch,builder,552,2023-08-01,2025-08-01,t,f,t,t,f,21,f
pytorch,audio,503,2023-08-01,2026-07-01,t,t,t,t,t,22,f
pytorch,PiPPy,213,2023-08-01,2024-09-01,t,f,t,t,f,23,f
pytorch,cpuinfo,196,2023-08-01,2026-07-01,t,t,t,t,t,24,f
pytorch,examples,171,2023-08-01,2026-05-01,t,t,t,t,f,25,f
pytorch,pytorch-integration-testing,158,2024-07-01,2026-07-01,t,t,t,t,t,26,f
pytorch,gloo,125,2023-08-01,2026-07-01,t,t,t,t,t,27,f
pytorch,docs,91,2024-04-01,2026-07-01,t,t,t,f,t,28,f
pytorch,glow,68,2023-08-01,2024-05-01,t,f,t,t,f,29,f
pytorch,pytorch_sphinx_theme,64,2023-08-01,2026-05-01,t,t,t,t,f,30,f
pytorch,text,49,2023-08-01,2025-09-01,t,f,t,t,f,31,f
pytorch,rfcs,45,2023-08-01,2026-07-01,t,t,t,t,t,32,f
pytorch,extension-cpp,28,2024-04-01,2026-05-01,t,t,t,t,f,33,f
pytorch,ort,26,2023-08-01,2026-02-01,t,t,t,t,f,34,f
pytorch,devlogs,26,2026-05-01,2026-07-01,t,t,t,f,t,35,f
pytorch,expecttest,20,2023-12-01,2025-06-01,t,t,f,t,f,36,f
pytorch,alerting-infra,17,2025-09-01,2026-06-01,t,t,f,f,t,37,f
pytorch,crcr-test,13,2026-05-01,2026-07-01,t,t,f,f,t,38,f
pytorch,hub,10,2023-09-01,2025-08-01,t,t,f,t,f,39,f
pytorch,tensorpipe,6,2025-08-01,2025-12-01,t,t,f,t,f,40,f
pytorch,torcharrow,3,2024-01-01,2024-03-01,t,f,f,t,f,41,f
pytorch,annex,3,2026-04-01,2026-07-01,t,t,f,f,t,42,f
pytorch,torchdistx,3,2023-11-01,2024-03-01,t,f,f,t,f,43,f
pytorch,torchdynamo,3,2023-08-01,2024-04-01,t,f,f,t,f,44,f
pytorch,functorch,2,2025-04-01,2025-04-01,t,f,f,t,f,45,f
pytorch,ios-demo-app,1,2024-08-01,2024-08-01,t,f,f,t,f,46,f
pytorch,tvm,0,,,t,f,f,t,,47,f
pytorch,extension-script,0,,,t,f,f,t,,48,f
pytorch,ossci-job-dsl,0,,,t,f,f,t,,49,f
pytorch,QNNPACK,0,,,t,f,f,t,,50,f
pytorch,ci-hud,0,,,t,f,f,t,,51,f
pytorch,caffe2.github.io,0,,,t,f,f,t,,52,f
pytorch,cppdocs,0,,,t,t,f,t,,53,f
pytorch,contrib,0,,,t,f,f,t,,54,f
pytorch,torchhub_testing,0,,,t,f,f,t,,55,f
pytorch,ELF,0,,,t,f,f,t,,56,f
pytorch,sccache,0,,,t,f,f,t,,57,f
pytorch,dr-ci,0,,,t,f,f,t,,58,f
pytorch,extension-ffi,0,,,t,f,f,t,,59,f
pytorch,translate,0,,,t,f,f,t,,60,f
pytorch,java-demo,0,,,t,f,f,t,,61,f
pytorch,pytorch-ci-dockerfiles,0,,,t,f,f,t,,62,f
pytorch,labeler-github-action,0,,,t,f,f,t,,63,f
pytorch,maskedtensor,0,,,t,f,f,t,,64,f
pytorch,accimage,0,,,t,f,f,t,,65,f
pytorch,nestedtensor,0,,,t,f,f,t,,66,f
pytorch,elastic,0,,,t,f,f,t,,67,f
pytorch,android-demo-app,0,,,t,f,f,t,,68,f
pytorch,add-annotations-github-action,0,,,t,f,f,t,,69,f
pytorch,probot,0,,,t,f,f,t,,70,f
